"","Steps","BMI","Sex"
"1",8750,37,"Female"
"2",10050,37,"Male"
"3",10100,37,"Female"
"4",10150,37,"Female"
"5",8650,36.96,"Female"
"6",8750,36.96,"Female"
"7",9750,36.96,"Female"
"8",9900,36.96,"Female"
"9",10000,36.96,"Male"
"10",10250,36.96,"Female"
"11",10550,36.96,"Female"
"12",8500,36.92,"Female"
"13",8750,36.92,"Male"
"14",8800,36.92,"Male"
"15",9500,36.92,"Female"
"16",9550,36.92,"Male"
"17",9700,36.92,"Male"
"18",9850,36.92,"Female"
"19",9900,36.92,"Male"
"20",10650,36.92,"Male"
"21",8400,36.88,"Female"
"22",8450,36.88,"Male"
"23",8500,36.88,"Male"
"24",8750,36.88,"Male"
"25",10700,36.88,"Female"
"26",8350,36.84,"Female"
"27",8450,36.84,"Female"
"28",8500,36.84,"Male"
"29",9200,36.84,"Female"
"30",9350,36.84,"Female"
"31",10700,36.8,"Female"
"32",8250,36.76,"Female"
"33",8300,36.76,"Female"
"34",8350,36.76,"Male"
"35",9150,36.76,"Male"
"36",10550,36.72,"Female"
"37",10650,36.72,"Male"
"38",8250,36.68,"Female"
"39",8800,36.68,"Female"
"40",8900,36.68,"Female"
"41",10400,36.68,"Female"
"42",18100,36.68,"Female"
"43",18300,36.68,"Male"
"44",8150,36.64,"Male"
"45",8200,36.64,"Male"
"46",8800,36.64,"Male"
"47",8050,36.6,"Male"
"48",10350,36.6,"Male"
"49",10550,36.6,"Female"
"50",10900,36.6,"Male"
"51",10950,36.6,"Male"
"52",18550,36.6,"Female"
"53",10800,36.56,"Female"
"54",11000,36.56,"Male"
"55",11250,36.56,"Female"
"56",17850,36.56,"Female"
"57",8000,36.52,"Male"
"58",8050,36.52,"Male"
"59",11400,36.52,"Male"
"60",18550,36.52,"Female"
"61",11400,36.48,"Female"
"62",17800,36.48,"Male"
"63",11500,36.44,"Male"
"64",11550,36.44,"Female"
"65",11500,36.4,"Female"
"66",7050,36.36,"Male"
"67",7200,36.36,"Female"
"68",7300,36.36,"Male"
"69",7350,36.36,"Male"
"70",7500,36.36,"Male"
"71",7550,36.36,"Female"
"72",7650,36.36,"Female"
"73",8900,36.36,"Female"
"74",9250,36.36,"Male"
"75",9300,36.36,"Female"
"76",9450,36.36,"Male"
"77",9500,36.36,"Male"
"78",11700,36.36,"Male"
"79",17750,36.36,"Male"
"80",6950,36.32,"Female"
"81",7000,36.32,"Female"
"82",7400,36.32,"Female"
"83",7450,36.32,"Male"
"84",8900,36.32,"Female"
"85",9100,36.32,"Female"
"86",9300,36.32,"Male"
"87",9650,36.32,"Female"
"88",18750,36.32,"Female"
"89",19600,36.32,"Male"
"90",6600,36.28,"Female"
"91",6650,36.28,"Female"
"92",6800,36.28,"Male"
"93",6950,36.28,"Female"
"94",7050,36.28,"Female"
"95",8250,36.28,"Male"
"96",8350,36.28,"Male"
"97",8750,36.28,"Female"
"98",8850,36.28,"Male"
"99",10000,36.28,"Female"
"100",10100,36.28,"Female"
"101",10150,36.28,"Female"
"102",10350,36.28,"Male"
"103",11900,36.28,"Female"
"104",19450,36.28,"Female"
"105",19600,36.28,"Male"
"106",19900,36.28,"Male"
"107",6400,36.24,"Female"
"108",8150,36.24,"Male"
"109",8200,36.24,"Female"
"110",10100,36.24,"Male"
"111",10400,36.24,"Female"
"112",11950,36.24,"Female"
"113",16800,36.24,"Male"
"114",16950,36.24,"Male"
"115",17000,36.24,"Male"
"116",17750,36.24,"Male"
"117",19450,36.24,"Male"
"118",6350,36.2,"Female"
"119",8000,36.2,"Male"
"120",10400,36.2,"Female"
"121",10550,36.2,"Male"
"122",16750,36.2,"Female"
"123",17000,36.2,"Male"
"124",18750,36.2,"Female"
"125",6250,36.16,"Male"
"126",6300,36.16,"Female"
"127",6400,36.16,"Female"
"128",7950,36.16,"Male"
"129",8050,36.16,"Male"
"130",10500,36.16,"Male"
"131",11900,36.16,"Male"
"132",18800,36.16,"Female"
"133",6250,36.12,"Male"
"134",6300,36.12,"Female"
"135",6350,36.12,"Female"
"136",10700,36.12,"Male"
"137",10800,36.12,"Male"
"138",16750,36.12,"Male"
"139",17150,36.12,"Male"
"140",17250,36.12,"Male"
"141",6250,36.08,"Female"
"142",6300,36.08,"Male"
"143",6550,36.08,"Male"
"144",7700,36.08,"Female"
"145",7750,36.08,"Male"
"146",10850,36.08,"Female"
"147",11900,36.08,"Male"
"148",17200,36.08,"Male"
"149",17650,36.08,"Male"
"150",18800,36.08,"Female"
"151",19200,36.08,"Male"
"152",19250,36.08,"Female"
"153",6700,36.04,"Male"
"154",7500,36.04,"Female"
"155",7550,36.04,"Female"
"156",16700,36.04,"Male"
"157",19250,36.04,"Female"
"158",6800,36,"Male"
"159",7550,36,"Female"
"160",7600,36,"Female"
"161",11700,36,"Male"
"162",19100,36,"Female"
"163",20050,36,"Male"
"164",6900,35.96,"Female"
"165",7450,35.96,"Female"
"166",11200,35.96,"Male"
"167",11250,35.96,"Female"
"168",11900,35.96,"Female"
"169",17350,35.96,"Male"
"170",17650,35.96,"Male"
"171",19100,35.96,"Female"
"172",19150,35.96,"Male"
"173",20000,35.96,"Female"
"174",18750,35.92,"Male"
"175",18850,35.92,"Female"
"176",6900,35.88,"Male"
"177",7250,35.88,"Male"
"178",18850,35.88,"Male"
"179",7000,35.84,"Male"
"180",7150,35.84,"Female"
"181",11950,35.84,"Female"
"182",16650,35.84,"Male"
"183",17700,35.84,"Female"
"184",11450,35.8,"Male"
"185",11500,35.8,"Male"
"186",16600,35.8,"Female"
"187",20050,35.8,"Male"
"188",7050,35.76,"Male"
"189",11500,35.76,"Male"
"190",17450,35.76,"Male"
"191",17700,35.76,"Female"
"192",11550,35.72,"Male"
"193",17450,35.72,"Female"
"194",17650,35.72,"Male"
"195",11700,35.68,"Male"
"196",11750,35.68,"Female"
"197",11800,35.68,"Female"
"198",18850,35.68,"Female"
"199",6800,35.64,"Female"
"200",11700,35.64,"Female"
"201",12150,35.64,"Female"
"202",16700,35.64,"Male"
"203",19000,35.64,"Female"
"204",6700,35.6,"Male"
"205",6800,35.6,"Male"
"206",17600,35.6,"Male"
"207",18800,35.6,"Female"
"208",11850,35.56,"Male"
"209",16700,35.56,"Male"
"210",17650,35.56,"Female"
"211",18850,35.56,"Male"
"212",18900,35.56,"Female"
"213",12050,35.52,"Male"
"214",17500,35.52,"Male"
"215",18800,35.52,"Male"
"216",12050,35.48,"Female"
"217",16650,35.48,"Female"
"218",17650,35.48,"Male"
"219",18900,35.48,"Male"
"220",19950,35.48,"Female"
"221",6450,35.44,"Male"
"222",12150,35.44,"Female"
"223",19900,35.44,"Male"
"224",20100,35.44,"Female"
"225",20200,35.44,"Male"
"226",6450,35.4,"Female"
"227",6500,35.4,"Male"
"228",12100,35.4,"Male"
"229",16700,35.4,"Male"
"230",20100,35.4,"Female"
"231",12100,35.36,"Female"
"232",16750,35.36,"Male"
"233",20400,35.36,"Male"
"234",20450,35.36,"Male"
"235",12200,35.32,"Male"
"236",17650,35.32,"Female"
"237",20400,35.32,"Male"
"238",12200,35.28,"Female"
"239",19800,35.28,"Male"
"240",19900,35.28,"Female"
"241",17550,35.24,"Female"
"242",19950,35.24,"Male"
"243",20500,35.24,"Male"
"244",6200,35.2,"Female"
"245",6300,35.2,"Male"
"246",12350,35.2,"Male"
"247",12400,35.2,"Male"
"248",16800,35.2,"Female"
"249",18800,35.2,"Female"
"250",20500,35.2,"Female"
"251",16800,35.16,"Female"
"252",17600,35.16,"Male"
"253",20450,35.16,"Male"
"254",6050,35.12,"Male"
"255",19850,35.12,"Female"
"256",20500,35.12,"Female"
"257",16750,35.04,"Male"
"258",16850,35.04,"Female"
"259",19800,35.04,"Female"
"260",6000,35,"Male"
"261",16800,35,"Female"
"262",17600,35,"Male"
"263",17650,35,"Male"
"264",18700,35,"Female"
"265",18750,35,"Female"
"266",19750,35,"Female"
"267",20500,35,"Male"
"268",12600,34.96,"Male"
"269",12700,34.96,"Female"
"270",17650,34.92,"Female"
"271",10550,34.88,"Female"
"272",10800,34.88,"Female"
"273",11500,34.88,"Male"
"274",11550,34.88,"Male"
"275",5850,34.84,"Female"
"276",7200,34.84,"Male"
"277",10550,34.84,"Male"
"278",11250,34.84,"Male"
"279",12750,34.84,"Male"
"280",16900,34.84,"Male"
"281",18650,34.84,"Male"
"282",18700,34.84,"Female"
"283",6950,34.8,"Male"
"284",7100,34.8,"Male"
"285",7400,34.8,"Male"
"286",7450,34.8,"Male"
"287",7700,34.8,"Male"
"288",7750,34.8,"Female"
"289",10500,34.8,"Female"
"290",10550,34.8,"Female"
"291",11750,34.8,"Female"
"292",11900,34.8,"Female"
"293",19600,34.8,"Male"
"294",6900,34.76,"Male"
"295",7050,34.76,"Male"
"296",7100,34.76,"Female"
"297",7500,34.76,"Male"
"298",7600,34.76,"Female"
"299",7650,34.76,"Female"
"300",7900,34.76,"Female"
"301",7950,34.76,"Male"
"302",9950,34.76,"Female"
"303",10300,34.76,"Male"
"304",11950,34.76,"Female"
"305",12850,34.76,"Male"
"306",12900,34.76,"Female"
"307",18650,34.76,"Male"
"308",5750,34.72,"Female"
"309",6700,34.72,"Female"
"310",6800,34.72,"Female"
"311",7850,34.72,"Female"
"312",8200,34.72,"Male"
"313",8500,34.72,"Female"
"314",11950,34.72,"Female"
"315",20500,34.72,"Male"
"316",8950,34.68,"Male"
"317",12050,34.68,"Male"
"318",12900,34.68,"Male"
"319",16950,34.68,"Female"
"320",5600,34.64,"Male"
"321",6500,34.64,"Female"
"322",8700,34.64,"Male"
"323",8900,34.64,"Female"
"324",8950,34.64,"Male"
"325",9050,34.64,"Male"
"326",9400,34.64,"Male"
"327",9650,34.64,"Female"
"328",12050,34.64,"Male"
"329",19450,34.64,"Male"
"330",20450,34.64,"Female"
"331",5700,34.6,"Female"
"332",8850,34.6,"Male"
"333",8950,34.6,"Male"
"334",12900,34.6,"Male"
"335",7450,34.56,"Female"
"336",7500,34.56,"Female"
"337",8450,34.56,"Female"
"338",12250,34.56,"Male"
"339",12950,34.56,"Male"
"340",13050,34.56,"Female"
"341",20350,34.56,"Male"
"342",5550,34.52,"Male"
"343",5600,34.52,"Male"
"344",6350,34.52,"Male"
"345",7600,34.52,"Male"
"346",8200,34.52,"Male"
"347",8550,34.52,"Male"
"348",8600,34.52,"Male"
"349",8650,34.52,"Male"
"350",12250,34.52,"Female"
"351",12350,34.52,"Female"
"352",13000,34.52,"Male"
"353",16900,34.52,"Male"
"354",5600,34.48,"Female"
"355",7300,34.48,"Female"
"356",8500,34.48,"Male"
"357",20350,34.48,"Male"
"358",5500,34.44,"Male"
"359",6200,34.44,"Male"
"360",7050,34.44,"Male"
"361",8700,34.44,"Male"
"362",10500,34.44,"Male"
"363",11000,34.44,"Male"
"364",11150,34.44,"Male"
"365",19400,34.44,"Male"
"366",20300,34.44,"Female"
"367",5550,34.4,"Female"
"368",6850,34.4,"Female"
"369",6950,34.4,"Male"
"370",8750,34.4,"Female"
"371",8850,34.4,"Female"
"372",10100,34.4,"Female"
"373",10250,34.4,"Female"
"374",10350,34.4,"Female"
"375",10450,34.4,"Female"
"376",10700,34.4,"Male"
"377",11050,34.4,"Female"
"378",11150,34.4,"Female"
"379",11350,34.4,"Male"
"380",13050,34.4,"Female"
"381",13100,34.4,"Male"
"382",16950,34.4,"Female"
"383",19350,34.4,"Male"
"384",20300,34.4,"Female"
"385",6850,34.36,"Female"
"386",8850,34.36,"Male"
"387",10200,34.36,"Male"
"388",11450,34.36,"Female"
"389",12400,34.36,"Female"
"390",12450,34.36,"Female"
"391",16950,34.36,"Female"
"392",6150,34.32,"Male"
"393",6750,34.32,"Female"
"394",9950,34.32,"Female"
"395",10000,34.32,"Female"
"396",11650,34.32,"Male"
"397",5450,34.28,"Male"
"398",9950,34.28,"Female"
"399",10000,34.28,"Female"
"400",12550,34.28,"Female"
"401",20200,34.28,"Female"
"402",6700,34.24,"Female"
"403",9000,34.24,"Female"
"404",9800,34.24,"Female"
"405",11750,34.24,"Male"
"406",12550,34.24,"Female"
"407",20150,34.24,"Male"
"408",6700,34.2,"Male"
"409",11850,34.2,"Male"
"410",15500,34.2,"Female"
"411",15600,34.2,"Female"
"412",15650,34.2,"Female"
"413",15700,34.2,"Female"
"414",15750,34.2,"Female"
"415",15850,34.2,"Female"
"416",15950,34.2,"Female"
"417",17050,34.2,"Female"
"418",4550,34.16,"Male"
"419",4800,34.16,"Female"
"420",5300,34.16,"Female"
"421",6000,34.16,"Female"
"422",12550,34.16,"Male"
"423",13250,34.16,"Male"
"424",13700,34.16,"Female"
"425",13950,34.16,"Male"
"426",14000,34.16,"Female"
"427",15350,34.16,"Female"
"428",15450,34.16,"Male"
"429",15700,34.16,"Female"
"430",16050,34.16,"Female"
"431",4600,34.12,"Female"
"432",5100,34.12,"Female"
"433",5300,34.12,"Male"
"434",5350,34.12,"Male"
"435",5950,34.12,"Female"
"436",9050,34.12,"Male"
"437",12550,34.12,"Female"
"438",13250,34.12,"Female"
"439",13500,34.12,"Male"
"440",13600,34.12,"Male"
"441",13850,34.12,"Female"
"442",15350,34.12,"Female"
"443",16200,34.12,"Male"
"444",16250,34.12,"Male"
"445",17050,34.12,"Female"
"446",4500,34.08,"Female"
"447",5200,34.08,"Female"
"448",5350,34.08,"Female"
"449",5950,34.08,"Male"
"450",6000,34.08,"Female"
"451",9000,34.08,"Female"
"452",9050,34.08,"Male"
"453",11900,34.08,"Male"
"454",12650,34.08,"Male"
"455",13600,34.08,"Female"
"456",14200,34.08,"Female"
"457",16150,34.08,"Male"
"458",16250,34.08,"Female"
"459",17050,34.08,"Female"
"460",5250,34.04,"Male"
"461",6550,34.04,"Female"
"462",13300,34.04,"Male"
"463",16400,34.04,"Male"
"464",16550,34.04,"Female"
"465",20100,34.04,"Female"
"466",4350,34,"Male"
"467",5200,34,"Male"
"468",5900,34,"Female"
"469",5950,34,"Male"
"470",14200,34,"Male"
"471",15200,34,"Male"
"472",15250,34,"Female"
"473",16700,34,"Female"
"474",4350,33.96,"Female"
"475",5300,33.96,"Female"
"476",6550,33.96,"Male"
"477",12000,33.96,"Male"
"478",12650,33.96,"Male"
"479",13300,33.96,"Female"
"480",16600,33.96,"Female"
"481",20050,33.96,"Male"
"482",4250,33.92,"Female"
"483",4350,33.92,"Male"
"484",5200,33.92,"Female"
"485",7300,33.92,"Female"
"486",7350,33.92,"Male"
"487",7450,33.92,"Female"
"488",8900,33.92,"Male"
"489",8950,33.92,"Male"
"490",9700,33.92,"Male"
"491",12100,33.92,"Male"
"492",16750,33.92,"Female"
"493",16850,33.92,"Female"
"494",17050,33.92,"Female"
"495",6500,33.88,"Female"
"496",7250,33.88,"Female"
"497",7400,33.88,"Female"
"498",7450,33.88,"Female"
"499",7500,33.88,"Male"
"500",7600,33.88,"Male"
"501",7700,33.88,"Female"
"502",8900,33.88,"Female"
"503",12650,33.88,"Male"
"504",14300,33.88,"Female"
"505",17000,33.88,"Male"
"506",17150,33.88,"Female"
"507",19950,33.88,"Male"
"508",20000,33.88,"Female"
"509",7750,33.84,"Female"
"510",8800,33.84,"Female"
"511",8900,33.84,"Male"
"512",14300,33.84,"Female"
"513",17100,33.84,"Male"
"514",17200,33.84,"Female"
"515",19950,33.84,"Female"
"516",4250,33.8,"Male"
"517",7050,33.8,"Female"
"518",7700,33.8,"Female"
"519",7800,33.8,"Female"
"520",8000,33.8,"Male"
"521",8750,33.8,"Female"
"522",8800,33.8,"Male"
"523",8850,33.8,"Female"
"524",9750,33.8,"Female"
"525",11400,33.8,"Female"
"526",11550,33.8,"Female"
"527",11600,33.8,"Female"
"528",12200,33.8,"Female"
"529",14350,33.8,"Female"
"530",15200,33.8,"Male"
"531",17200,33.8,"Male"
"532",17450,33.8,"Male"
"533",19950,33.8,"Female"
"534",4600,33.76,"Male"
"535",5200,33.76,"Female"
"536",5950,33.76,"Female"
"537",6800,33.76,"Female"
"538",8000,33.76,"Male"
"539",8050,33.76,"Male"
"540",8500,33.76,"Female"
"541",11250,33.76,"Female"
"542",11600,33.76,"Female"
"543",11650,33.76,"Male"
"544",13900,33.76,"Male"
"545",14000,33.76,"Female"
"546",14100,33.76,"Male"
"547",14400,33.76,"Male"
"548",17550,33.76,"Male"
"549",6700,33.72,"Female"
"550",6800,33.72,"Female"
"551",7700,33.72,"Male"
"552",7900,33.72,"Male"
"553",8150,33.72,"Male"
"554",8200,33.72,"Female"
"555",8600,33.72,"Female"
"556",10950,33.72,"Male"
"557",11650,33.72,"Female"
"558",11800,33.72,"Female"
"559",14050,33.72,"Female"
"560",14100,33.72,"Male"
"561",15350,33.72,"Female"
"562",15400,33.72,"Female"
"563",15450,33.72,"Male"
"564",6400,33.68,"Male"
"565",7800,33.68,"Female"
"566",8250,33.68,"Female"
"567",10050,33.68,"Female"
"568",10700,33.68,"Male"
"569",11550,33.68,"Male"
"570",11600,33.68,"Female"
"571",12150,33.68,"Male"
"572",12250,33.68,"Female"
"573",12700,33.68,"Female"
"574",13850,33.68,"Male"
"575",14350,33.68,"Male"
"576",15400,33.68,"Male"
"577",20050,33.68,"Male"
"578",5200,33.64,"Male"
"579",6450,33.64,"Male"
"580",6550,33.64,"Male"
"581",6950,33.64,"Male"
"582",8450,33.64,"Female"
"583",8650,33.64,"Male"
"584",10300,33.64,"Female"
"585",10550,33.64,"Male"
"586",10850,33.64,"Male"
"587",10950,33.64,"Male"
"588",11000,33.64,"Female"
"589",11650,33.64,"Male"
"590",11800,33.64,"Male"
"591",12200,33.64,"Male"
"592",13450,33.64,"Female"
"593",15550,33.64,"Male"
"594",4950,33.6,"Male"
"595",5950,33.6,"Female"
"596",6550,33.6,"Female"
"597",7000,33.6,"Female"
"598",8050,33.6,"Male"
"599",8700,33.6,"Female"
"600",8750,33.6,"Male"
"601",10300,33.6,"Female"
"602",10800,33.6,"Female"
"603",10900,33.6,"Female"
"604",10950,33.6,"Female"
"605",12200,33.6,"Male"
"606",12700,33.6,"Male"
"607",15750,33.6,"Female"
"608",17700,33.6,"Female"
"609",17850,33.6,"Male"
"610",5050,33.56,"Female"
"611",5100,33.56,"Female"
"612",7000,33.56,"Female"
"613",7750,33.56,"Female"
"614",8000,33.56,"Male"
"615",8250,33.56,"Female"
"616",8350,33.56,"Male"
"617",10050,33.56,"Female"
"618",10400,33.56,"Female"
"619",10550,33.56,"Male"
"620",10700,33.56,"Female"
"621",10900,33.56,"Male"
"622",11700,33.56,"Female"
"623",12150,33.56,"Male"
"624",13550,33.56,"Female"
"625",13650,33.56,"Female"
"626",14400,33.56,"Male"
"627",15750,33.56,"Female"
"628",15950,33.56,"Male"
"629",17850,33.56,"Male"
"630",17900,33.56,"Female"
"631",20000,33.56,"Male"
"632",4200,33.52,"Female"
"633",4250,33.52,"Female"
"634",5050,33.52,"Female"
"635",7800,33.52,"Female"
"636",7850,33.52,"Female"
"637",10050,33.52,"Male"
"638",10650,33.52,"Female"
"639",10750,33.52,"Female"
"640",5900,33.48,"Female"
"641",6950,33.48,"Male"
"642",7000,33.48,"Female"
"643",7600,33.48,"Female"
"644",7650,33.48,"Female"
"645",8400,33.48,"Female"
"646",8700,33.48,"Female"
"647",8750,33.48,"Female"
"648",10050,33.48,"Male"
"649",10700,33.48,"Female"
"650",11700,33.48,"Male"
"651",4200,33.44,"Female"
"652",5100,33.44,"Male"
"653",6950,33.44,"Male"
"654",7600,33.44,"Female"
"655",7700,33.44,"Male"
"656",7750,33.44,"Female"
"657",8050,33.44,"Male"
"658",8450,33.44,"Male"
"659",8750,33.44,"Male"
"660",10750,33.44,"Female"
"661",10900,33.44,"Female"
"662",12650,33.44,"Female"
"663",14350,33.44,"Female"
"664",17950,33.44,"Female"
"665",18050,33.44,"Female"
"666",20050,33.44,"Female"
"667",4250,33.4,"Female"
"668",5900,33.4,"Female"
"669",7800,33.4,"Male"
"670",10300,33.4,"Female"
"671",10350,33.4,"Male"
"672",10700,33.4,"Female"
"673",10850,33.4,"Male"
"674",10950,33.4,"Female"
"675",11650,33.4,"Male"
"676",14400,33.4,"Male"
"677",16150,33.4,"Female"
"678",18100,33.4,"Male"
"679",8150,33.36,"Female"
"680",8200,33.36,"Male"
"681",8250,33.36,"Male"
"682",8650,33.36,"Male"
"683",10000,33.36,"Female"
"684",10050,33.36,"Male"
"685",10300,33.36,"Male"
"686",10650,33.36,"Male"
"687",12700,33.36,"Female"
"688",14350,33.36,"Female"
"689",16300,33.36,"Female"
"690",18050,33.36,"Male"
"691",8050,33.32,"Female"
"692",8200,33.32,"Female"
"693",8650,33.32,"Male"
"694",10000,33.32,"Female"
"695",10050,33.32,"Female"
"696",10900,33.32,"Female"
"697",11100,33.32,"Female"
"698",11250,33.32,"Female"
"699",16350,33.32,"Female"
"700",18150,33.32,"Male"
"701",4300,33.28,"Female"
"702",7000,33.28,"Male"
"703",8050,33.28,"Male"
"704",8150,33.28,"Male"
"705",10400,33.28,"Male"
"706",10450,33.28,"Male"
"707",10600,33.28,"Male"
"708",10750,33.28,"Female"
"709",11100,33.28,"Male"
"710",11150,33.28,"Male"
"711",13450,33.28,"Female"
"712",13500,33.28,"Male"
"713",14300,33.28,"Female"
"714",16300,33.28,"Female"
"715",5950,33.24,"Female"
"716",7000,33.24,"Female"
"717",7750,33.24,"Female"
"718",7850,33.24,"Female"
"719",7950,33.24,"Female"
"720",8050,33.24,"Male"
"721",8150,33.24,"Female"
"722",8250,33.24,"Male"
"723",8300,33.24,"Male"
"724",10400,33.24,"Male"
"725",10450,33.24,"Male"
"726",11000,33.24,"Male"
"727",11200,33.24,"Male"
"728",11650,33.24,"Female"
"729",13450,33.24,"Male"
"730",5900,33.2,"Female"
"731",7850,33.2,"Female"
"732",7950,33.2,"Male"
"733",8150,33.2,"Male"
"734",8200,33.2,"Female"
"735",10050,33.2,"Male"
"736",10350,33.2,"Female"
"737",10700,33.2,"Female"
"738",10850,33.2,"Male"
"739",11150,33.2,"Female"
"740",16400,33.2,"Male"
"741",18200,33.2,"Female"
"742",5100,33.16,"Female"
"743",6000,33.16,"Female"
"744",7850,33.16,"Male"
"745",7900,33.16,"Male"
"746",8050,33.16,"Male"
"747",8100,33.16,"Male"
"748",8200,33.16,"Female"
"749",8600,33.16,"Male"
"750",14350,33.16,"Male"
"751",18150,33.16,"Male"
"752",19900,33.16,"Male"
"753",7100,33.12,"Male"
"754",8000,33.12,"Female"
"755",10950,33.12,"Male"
"756",12600,33.12,"Male"
"757",14250,33.12,"Female"
"758",14300,33.12,"Female"
"759",14350,33.12,"Male"
"760",16450,33.12,"Male"
"761",4350,33.08,"Female"
"762",7200,33.08,"Male"
"763",8600,33.08,"Male"
"764",10500,33.08,"Female"
"765",10750,33.08,"Female"
"766",5100,33.04,"Female"
"767",10100,33.04,"Male"
"768",10150,33.04,"Female"
"769",10600,33.04,"Female"
"770",10900,33.04,"Female"
"771",11550,33.04,"Female"
"772",11600,33.04,"Female"
"773",13450,33.04,"Female"
"774",18550,33.04,"Male"
"775",5100,33,"Female"
"776",5950,33,"Male"
"777",13450,33,"Female"
"778",16600,33,"Male"
"779",20100,33,"Male"
"780",5100,32.96,"Male"
"781",6050,32.96,"Female"
"782",8400,32.96,"Male"
"783",10200,32.96,"Male"
"784",13500,32.96,"Female"
"785",14200,32.96,"Female"
"786",14250,32.96,"Female"
"787",16600,32.96,"Female"
"788",18500,32.96,"Male"
"789",18800,32.96,"Female"
"790",19800,32.96,"Female"
"791",19950,32.96,"Female"
"792",20100,32.96,"Male"
"793",20150,32.96,"Male"
"794",7400,32.92,"Male"
"795",7450,32.92,"Male"
"796",10200,32.92,"Female"
"797",14200,32.92,"Male"
"798",19600,32.92,"Female"
"799",5100,32.88,"Male"
"800",5150,32.88,"Female"
"801",5200,32.88,"Female"
"802",7500,32.88,"Male"
"803",8350,32.88,"Female"
"804",10250,32.88,"Male"
"805",18950,32.88,"Male"
"806",19500,32.88,"Male"
"807",19550,32.88,"Female"
"808",20200,32.88,"Female"
"809",4350,32.84,"Male"
"810",6050,32.84,"Male"
"811",7600,32.84,"Male"
"812",7700,32.84,"Female"
"813",14200,32.84,"Female"
"814",14250,32.84,"Female"
"815",18350,32.84,"Female"
"816",19450,32.84,"Male"
"817",19500,32.84,"Male"
"818",4450,32.8,"Male"
"819",7750,32.8,"Female"
"820",7850,32.8,"Male"
"821",8150,32.8,"Male"
"822",10300,32.8,"Female"
"823",11300,32.8,"Female"
"824",12500,32.8,"Female"
"825",12550,32.8,"Female"
"826",4450,32.76,"Female"
"827",5150,32.76,"Male"
"828",6100,32.76,"Female"
"829",10350,32.76,"Female"
"830",12450,32.76,"Female"
"831",14150,32.76,"Female"
"832",14200,32.76,"Male"
"833",16800,32.76,"Female"
"834",20150,32.76,"Female"
"835",10350,32.72,"Female"
"836",10950,32.72,"Male"
"837",11050,32.72,"Male"
"838",16850,32.72,"Male"
"839",18250,32.72,"Male"
"840",18300,32.72,"Male"
"841",19100,32.72,"Female"
"842",20100,32.72,"Male"
"843",20150,32.72,"Male"
"844",6200,32.68,"Male"
"845",10450,32.68,"Female"
"846",20050,32.68,"Male"
"847",6200,32.64,"Male"
"848",10550,32.64,"Male"
"849",10950,32.64,"Male"
"850",14050,32.64,"Female"
"851",16950,32.64,"Female"
"852",19250,32.64,"Female"
"853",20100,32.64,"Female"
"854",4450,32.6,"Male"
"855",4500,32.6,"Female"
"856",5200,32.6,"Male"
"857",6150,32.6,"Female"
"858",12350,32.6,"Male"
"859",16900,32.6,"Male"
"860",17200,32.6,"Male"
"861",17250,32.6,"Female"
"862",17400,32.6,"Male"
"863",18250,32.6,"Male"
"864",19150,32.6,"Male"
"865",4500,32.56,"Female"
"866",9100,32.56,"Female"
"867",17000,32.56,"Female"
"868",17300,32.56,"Male"
"869",17650,32.56,"Female"
"870",17700,32.56,"Female"
"871",18250,32.56,"Male"
"872",4550,32.52,"Male"
"873",6200,32.52,"Male"
"874",6250,32.52,"Male"
"875",9200,32.52,"Male"
"876",17600,32.52,"Female"
"877",17850,32.52,"Male"
"878",18150,32.52,"Male"
"879",4550,32.48,"Male"
"880",9850,32.48,"Female"
"881",12300,32.48,"Male"
"882",13300,32.48,"Male"
"883",14000,32.48,"Male"
"884",17700,32.48,"Male"
"885",17850,32.48,"Male"
"886",19950,32.48,"Male"
"887",4600,32.44,"Female"
"888",4650,32.44,"Male"
"889",6250,32.44,"Female"
"890",6350,32.44,"Male"
"891",12350,32.44,"Male"
"892",13950,32.44,"Female"
"893",14000,32.44,"Male"
"894",18000,32.44,"Female"
"895",4600,32.4,"Female"
"896",12250,32.4,"Male"
"897",18000,32.4,"Male"
"898",18100,32.4,"Female"
"899",19900,32.4,"Male"
"900",19950,32.4,"Female"
"901",5300,32.36,"Male"
"902",5350,32.36,"Male"
"903",8800,32.36,"Male"
"904",9950,32.36,"Male"
"905",17100,32.36,"Male"
"906",17250,32.36,"Female"
"907",4700,32.32,"Male"
"908",6350,32.32,"Female"
"909",6400,32.32,"Female"
"910",8900,32.32,"Female"
"911",9800,32.32,"Female"
"912",9900,32.32,"Male"
"913",10050,32.32,"Male"
"914",10150,32.32,"Female"
"915",12150,32.32,"Male"
"916",12250,32.32,"Male"
"917",4750,32.28,"Male"
"918",5400,32.28,"Male"
"919",6400,32.28,"Female"
"920",6450,32.28,"Female"
"921",9150,32.28,"Female"
"922",9250,32.28,"Male"
"923",9350,32.28,"Female"
"924",9400,32.28,"Female"
"925",9650,32.28,"Male"
"926",9750,32.28,"Female"
"927",13200,32.28,"Female"
"928",16450,32.28,"Female"
"929",16650,32.28,"Male"
"930",17400,32.28,"Male"
"931",19850,32.28,"Male"
"932",19950,32.28,"Female"
"933",5400,32.24,"Female"
"934",9300,32.24,"Male"
"935",9800,32.24,"Female"
"936",12200,32.24,"Female"
"937",16650,32.24,"Male"
"938",16800,32.24,"Female"
"939",16950,32.24,"Female"
"940",17100,32.24,"Male"
"941",17150,32.24,"Male"
"942",17450,32.24,"Female"
"943",4950,32.2,"Male"
"944",5350,32.2,"Male"
"945",5400,32.2,"Female"
"946",5450,32.2,"Male"
"947",6500,32.2,"Female"
"948",9550,32.2,"Male"
"949",12150,32.2,"Female"
"950",13750,32.2,"Female"
"951",16300,32.2,"Male"
"952",16350,32.2,"Male"
"953",17100,32.2,"Male"
"954",17150,32.2,"Female"
"955",17450,32.2,"Female"
"956",6500,32.16,"Female"
"957",12100,32.16,"Male"
"958",13150,32.16,"Male"
"959",13200,32.16,"Male"
"960",13550,32.16,"Female"
"961",13700,32.16,"Male"
"962",5500,32.12,"Male"
"963",13200,32.12,"Male"
"964",13550,32.12,"Female"
"965",13650,32.12,"Male"
"966",16350,32.12,"Male"
"967",17350,32.12,"Female"
"968",19800,32.12,"Male"
"969",19850,32.12,"Male"
"970",5250,32.08,"Male"
"971",11950,32.08,"Male"
"972",13100,32.08,"Male"
"973",13400,32.08,"Male"
"974",5100,32.04,"Male"
"975",5300,32.04,"Female"
"976",5500,32.04,"Female"
"977",6600,32.04,"Male"
"978",6650,32.04,"Male"
"979",6900,32.04,"Female"
"980",11700,32.04,"Female"
"981",16450,32.04,"Female"
"982",16500,32.04,"Male"
"983",5350,32,"Male"
"984",6850,32,"Male"
"985",11750,32,"Male"
"986",12000,32,"Male"
"987",13100,32,"Male"
"988",13250,32,"Male"
"989",5600,31.96,"Male"
"990",7800,31.96,"Male"
"991",8000,31.96,"Female"
"992",8500,31.96,"Female"
"993",10400,31.96,"Female"
"994",10750,31.96,"Female"
"995",11700,31.96,"Female"
"996",11750,31.96,"Male"
"997",7750,31.92,"Male"
"998",10250,31.92,"Female"
"999",10650,31.92,"Male"
"1000",12950,31.92,"Male"
"1001",16650,31.92,"Female"
"1002",5650,31.88,"Female"
"1003",6650,31.88,"Female"
"1004",6700,31.88,"Male"
"1005",7750,31.88,"Female"
"1006",8600,31.88,"Male"
"1007",10050,31.88,"Female"
"1008",10150,31.88,"Female"
"1009",10300,31.88,"Female"
"1010",11000,31.88,"Male"
"1011",11800,31.88,"Male"
"1012",16650,31.88,"Female"
"1013",19750,31.88,"Female"
"1014",8750,31.84,"Female"
"1015",8800,31.84,"Male"
"1016",9950,31.84,"Female"
"1017",10150,31.84,"Female"
"1018",12000,31.84,"Female"
"1019",16700,31.84,"Male"
"1020",16850,31.84,"Female"
"1021",5650,31.8,"Female"
"1022",5700,31.8,"Female"
"1023",6550,31.8,"Male"
"1024",6600,31.8,"Male"
"1025",12900,31.8,"Male"
"1026",6550,31.76,"Male"
"1027",16800,31.76,"Female"
"1028",5700,31.72,"Male"
"1029",6600,31.72,"Female"
"1030",7650,31.72,"Male"
"1031",12050,31.72,"Female"
"1032",12850,31.72,"Male"
"1033",12900,31.72,"Male"
"1034",7650,31.68,"Female"
"1035",9200,31.68,"Female"
"1036",12150,31.68,"Female"
"1037",16900,31.68,"Female"
"1038",19750,31.68,"Male"
"1039",19800,31.68,"Male"
"1040",5700,31.64,"Male"
"1041",6500,31.64,"Male"
"1042",9400,31.64,"Female"
"1043",9450,31.64,"Male"
"1044",12100,31.64,"Male"
"1045",12150,31.64,"Female"
"1046",12750,31.64,"Male"
"1047",19800,31.64,"Male"
"1048",5750,31.6,"Male"
"1049",5800,31.6,"Female"
"1050",9450,31.6,"Male"
"1051",12150,31.6,"Male"
"1052",12700,31.6,"Male"
"1053",12750,31.6,"Male"
"1054",19800,31.6,"Female"
"1055",12250,31.56,"Male"
"1056",12700,31.56,"Male"
"1057",17000,31.56,"Male"
"1058",17050,31.56,"Male"
"1059",8300,31.52,"Male"
"1060",8400,31.52,"Male"
"1061",12700,31.52,"Female"
"1062",8450,31.48,"Female"
"1063",8550,31.48,"Male"
"1064",8600,31.48,"Female"
"1065",10250,31.48,"Female"
"1066",10300,31.48,"Female"
"1067",10450,31.48,"Male"
"1068",10600,31.48,"Male"
"1069",5850,31.44,"Female"
"1070",5900,31.44,"Female"
"1071",7700,31.44,"Male"
"1072",8300,31.44,"Male"
"1073",8700,31.44,"Female"
"1074",10200,31.44,"Female"
"1075",10600,31.44,"Female"
"1076",6200,31.4,"Female"
"1077",8200,31.4,"Male"
"1078",8600,31.4,"Male"
"1079",10300,31.4,"Male"
"1080",11100,31.4,"Female"
"1081",19800,31.4,"Male"
"1082",11050,31.36,"Female"
"1083",12500,31.36,"Female"
"1084",17100,31.36,"Female"
"1085",5950,31.32,"Male"
"1086",6050,31.32,"Female"
"1087",10100,31.32,"Male"
"1088",10550,31.32,"Male"
"1089",12400,31.32,"Male"
"1090",12500,31.32,"Male"
"1091",7900,31.28,"Female"
"1092",8400,31.28,"Male"
"1093",12500,31.28,"Female"
"1094",8050,31.24,"Male"
"1095",10950,31.24,"Male"
"1096",7950,31.2,"Female"
"1097",8350,31.2,"Male"
"1098",10850,31.2,"Male"
"1099",10950,31.2,"Male"
"1100",12550,31.2,"Female"
"1101",8050,31.16,"Male"
"1102",8100,31.16,"Female"
"1103",10650,31.16,"Male"
"1104",10750,31.16,"Female"
"1105",19850,31.16,"Female"
"1106",8200,31.12,"Male"
"1107",10550,31.12,"Female"
"1108",10600,31.12,"Female"
"1109",10700,31.12,"Female"
"1110",12100,31.12,"Female"
"1111",6000,31.08,"Female"
"1112",6600,31.08,"Female"
"1113",10650,31.08,"Female"
"1114",11900,31.08,"Female"
"1115",12000,31.08,"Male"
"1116",12150,31.08,"Male"
"1117",12200,31.08,"Female"
"1118",12300,31.08,"Male"
"1119",19900,31.08,"Male"
"1120",19950,31.08,"Female"
"1121",6000,31.04,"Male"
"1122",6500,31.04,"Male"
"1123",6700,31.04,"Female"
"1124",12000,31.04,"Female"
"1125",12350,31.04,"Female"
"1126",17050,31.04,"Female"
"1127",6700,31,"Female"
"1128",17050,31,"Female"
"1129",6200,30.96,"Female"
"1130",17000,30.96,"Female"
"1131",19900,30.96,"Male"
"1132",6450,30.92,"Female"
"1133",12100,30.92,"Female"
"1134",20000,30.92,"Female"
"1135",5850,30.88,"Female"
"1136",5850,30.84,"Male"
"1137",17050,30.84,"Female"
"1138",5800,30.8,"Male"
"1139",6500,30.8,"Female"
"1140",12100,30.8,"Male"
"1141",12800,30.8,"Male"
"1142",17000,30.8,"Male"
"1143",19950,30.8,"Male"
"1144",20000,30.8,"Female"
"1145",5800,30.76,"Female"
"1146",5850,30.76,"Female"
"1147",6450,30.76,"Female"
"1148",12150,30.76,"Female"
"1149",12800,30.76,"Male"
"1150",16950,30.76,"Male"
"1151",20000,30.76,"Female"
"1152",5850,30.72,"Male"
"1153",6450,30.72,"Male"
"1154",6550,30.72,"Male"
"1155",12750,30.72,"Female"
"1156",20050,30.72,"Male"
"1157",6500,30.68,"Male"
"1158",5750,30.6,"Female"
"1159",11950,30.6,"Male"
"1160",12850,30.6,"Female"
"1161",5750,30.56,"Female"
"1162",6650,30.56,"Male"
"1163",11950,30.56,"Female"
"1164",12800,30.56,"Male"
"1165",5750,30.52,"Male"
"1166",11950,30.52,"Male"
"1167",12850,30.52,"Male"
"1168",17000,30.52,"Female"
"1169",5700,30.48,"Male"
"1170",5750,30.48,"Female"
"1171",6600,30.48,"Female"
"1172",6750,30.48,"Female"
"1173",11900,30.48,"Male"
"1174",12100,30.48,"Female"
"1175",20150,30.48,"Male"
"1176",5700,30.44,"Female"
"1177",6500,30.44,"Male"
"1178",6800,30.44,"Male"
"1179",11750,30.44,"Male"
"1180",11850,30.44,"Male"
"1181",12050,30.44,"Male"
"1182",20100,30.44,"Male"
"1183",6550,30.4,"Male"
"1184",6800,30.4,"Male"
"1185",12850,30.4,"Male"
"1186",6450,30.36,"Male"
"1187",6900,30.36,"Male"
"1188",11600,30.36,"Male"
"1189",11700,30.36,"Female"
"1190",12900,30.36,"Female"
"1191",20100,30.36,"Female"
"1192",5700,30.32,"Female"
"1193",7200,30.32,"Male"
"1194",11550,30.32,"Female"
"1195",12100,30.32,"Male"
"1196",7050,30.28,"Male"
"1197",7100,30.28,"Male"
"1198",11550,30.28,"Female"
"1199",12150,30.28,"Female"
"1200",11250,30.24,"Male"
"1201",11450,30.24,"Male"
"1202",12150,30.24,"Female"
"1203",12200,30.24,"Female"
"1204",6450,30.2,"Female"
"1205",7400,30.2,"Female"
"1206",7450,30.2,"Female"
"1207",7500,30.2,"Male"
"1208",7600,30.2,"Female"
"1209",11050,30.2,"Male"
"1210",11350,30.2,"Male"
"1211",20250,30.2,"Male"
"1212",7700,30.16,"Female"
"1213",7900,30.16,"Male"
"1214",10800,30.16,"Male"
"1215",11350,30.16,"Male"
"1216",12150,30.16,"Male"
"1217",12200,30.16,"Female"
"1218",12250,30.16,"Male"
"1219",16900,30.16,"Male"
"1220",6450,30.12,"Female"
"1221",7650,30.12,"Female"
"1222",10500,30.12,"Male"
"1223",10600,30.12,"Female"
"1224",10950,30.12,"Female"
"1225",11400,30.12,"Male"
"1226",20250,30.12,"Male"
"1227",6400,30.08,"Male"
"1228",8000,30.08,"Male"
"1229",8550,30.08,"Male"
"1230",10000,30.08,"Male"
"1231",10050,30.08,"Female"
"1232",10150,30.08,"Male"
"1233",10250,30.08,"Male"
"1234",10400,30.08,"Female"
"1235",10550,30.08,"Male"
"1236",11350,30.08,"Male"
"1237",12200,30.08,"Male"
"1238",12950,30.08,"Female"
"1239",6400,30.04,"Male"
"1240",8450,30.04,"Female"
"1241",8650,30.04,"Male"
"1242",9100,30.04,"Female"
"1243",9250,30.04,"Male"
"1244",9900,30.04,"Male"
"1245",10350,30.04,"Male"
"1246",11400,30.04,"Female"
"1247",12250,30.04,"Female"
"1248",20250,30.04,"Female"
"1249",9150,30,"Male"
"1250",9400,30,"Female"
"1251",9450,30,"Female"
"1252",9950,30,"Female"
"1253",5700,29.96,"Female"
"1254",12900,29.96,"Female"
"1255",5700,29.92,"Male"
"1256",11450,29.92,"Male"
"1257",12250,29.92,"Female"
"1258",12950,29.92,"Female"
"1259",16900,29.92,"Male"
"1260",6450,29.88,"Female"
"1261",7200,29.88,"Female"
"1262",8500,29.88,"Male"
"1263",6500,29.84,"Male"
"1264",11450,29.84,"Female"
"1265",16850,29.84,"Male"
"1266",16950,29.84,"Male"
"1267",6550,29.8,"Male"
"1268",8550,29.8,"Female"
"1269",12100,29.8,"Female"
"1270",20350,29.8,"Female"
"1271",10000,29.76,"Female"
"1272",16900,29.76,"Male"
"1273",10000,29.72,"Male"
"1274",11450,29.72,"Male"
"1275",10050,29.68,"Female"
"1276",16950,29.68,"Male"
"1277",20350,29.68,"Female"
"1278",10050,29.64,"Male"
"1279",10050,29.6,"Male"
"1280",11550,29.6,"Male"
"1281",11900,29.6,"Female"
"1282",7050,29.56,"Female"
"1283",8550,29.56,"Male"
"1284",10050,29.56,"Male"
"1285",5700,29.52,"Female"
"1286",7050,29.52,"Female"
"1287",7250,29.52,"Male"
"1288",8500,29.52,"Male"
"1289",11750,29.52,"Female"
"1290",12950,29.52,"Female"
"1291",13000,29.52,"Female"
"1292",13500,29.52,"Male"
"1293",16650,29.52,"Female"
"1294",16900,29.52,"Female"
"1295",5450,29.48,"Female"
"1296",5550,29.48,"Male"
"1297",5800,29.48,"Female"
"1298",7200,29.48,"Female"
"1299",12750,29.48,"Male"
"1300",12800,29.48,"Male"
"1301",12850,29.48,"Female"
"1302",13200,29.48,"Female"
"1303",13500,29.48,"Male"
"1304",13650,29.48,"Female"
"1305",13750,29.48,"Female"
"1306",16550,29.48,"Female"
"1307",16600,29.48,"Female"
"1308",16800,29.48,"Male"
"1309",16950,29.48,"Female"
"1310",5350,29.44,"Male"
"1311",5450,29.44,"Male"
"1312",5750,29.44,"Female"
"1313",5850,29.44,"Male"
"1314",7500,29.44,"Female"
"1315",7600,29.44,"Male"
"1316",7700,29.44,"Male"
"1317",8550,29.44,"Female"
"1318",11250,29.44,"Male"
"1319",11350,29.44,"Male"
"1320",11400,29.44,"Male"
"1321",11450,29.44,"Male"
"1322",13600,29.44,"Male"
"1323",13650,29.44,"Male"
"1324",13850,29.44,"Female"
"1325",13900,29.44,"Female"
"1326",20450,29.44,"Female"
"1327",5200,29.4,"Male"
"1328",5400,29.4,"Male"
"1329",5800,29.4,"Female"
"1330",7550,29.4,"Female"
"1331",7600,29.4,"Male"
"1332",8050,29.4,"Female"
"1333",11050,29.4,"Female"
"1334",11300,29.4,"Female"
"1335",11350,29.4,"Female"
"1336",13950,29.4,"Female"
"1337",14100,29.4,"Female"
"1338",14450,29.4,"Female"
"1339",14900,29.4,"Female"
"1340",15950,29.4,"Male"
"1341",16000,29.4,"Female"
"1342",16050,29.4,"Male"
"1343",16200,29.4,"Male"
"1344",16250,29.4,"Male"
"1345",16350,29.4,"Female"
"1346",16450,29.4,"Female"
"1347",20400,29.4,"Male"
"1348",5900,29.36,"Female"
"1349",8100,29.36,"Male"
"1350",10050,29.36,"Male"
"1351",10750,29.36,"Male"
"1352",11050,29.36,"Female"
"1353",12800,29.36,"Female"
"1354",14400,29.36,"Male"
"1355",14450,29.36,"Male"
"1356",14750,29.36,"Male"
"1357",14850,29.36,"Male"
"1358",15200,29.36,"Male"
"1359",15250,29.36,"Male"
"1360",15450,29.36,"Male"
"1361",15650,29.36,"Male"
"1362",15850,29.36,"Male"
"1363",16150,29.36,"Female"
"1364",20450,29.36,"Male"
"1365",8100,29.32,"Male"
"1366",8200,29.32,"Female"
"1367",8500,29.32,"Female"
"1368",8600,29.32,"Female"
"1369",8950,29.32,"Male"
"1370",9150,29.32,"Male"
"1371",10300,29.32,"Female"
"1372",10350,29.32,"Male"
"1373",10800,29.32,"Male"
"1374",10850,29.32,"Male"
"1375",14950,29.32,"Female"
"1376",15250,29.32,"Female"
"1377",15300,29.32,"Female"
"1378",15550,29.32,"Male"
"1379",15650,29.32,"Female"
"1380",15850,29.32,"Male"
"1381",20450,29.32,"Male"
"1382",5850,29.28,"Female"
"1383",5950,29.28,"Female"
"1384",8600,29.28,"Male"
"1385",9500,29.28,"Male"
"1386",9700,29.28,"Male"
"1387",10150,29.28,"Male"
"1388",12650,29.28,"Male"
"1389",20450,29.28,"Female"
"1390",4900,29.24,"Male"
"1391",5950,29.24,"Male"
"1392",9100,29.24,"Female"
"1393",9200,29.24,"Female"
"1394",9400,29.24,"Male"
"1395",9450,29.24,"Female"
"1396",9600,29.24,"Male"
"1397",9800,29.24,"Male"
"1398",10000,29.24,"Female"
"1399",10050,29.24,"Male"
"1400",17000,29.24,"Male"
"1401",20450,29.24,"Female"
"1402",4850,29.2,"Male"
"1403",4900,29.2,"Male"
"1404",20400,29.16,"Male"
"1405",4700,29.12,"Female"
"1406",5950,29.12,"Female"
"1407",6000,29.12,"Male"
"1408",12600,29.12,"Female"
"1409",20400,29.12,"Female"
"1410",4500,29.08,"Male"
"1411",4650,29.08,"Male"
"1412",6050,29.08,"Female"
"1413",4500,29.04,"Female"
"1414",17100,29.04,"Female"
"1415",20500,29,"Male"
"1416",4350,28.96,"Female"
"1417",17150,28.96,"Female"
"1418",17200,28.96,"Female"
"1419",4300,28.92,"Male"
"1420",4350,28.92,"Male"
"1421",4150,28.88,"Female"
"1422",6250,28.88,"Female"
"1423",6300,28.88,"Female"
"1424",12350,28.88,"Female"
"1425",4100,28.84,"Male"
"1426",12250,28.84,"Female"
"1427",17200,28.84,"Female"
"1428",20450,28.84,"Female"
"1429",4050,28.8,"Female"
"1430",6350,28.8,"Male"
"1431",4050,28.76,"Female"
"1432",17250,28.76,"Female"
"1433",17300,28.76,"Female"
"1434",20500,28.76,"Male"
"1435",3950,28.72,"Male"
"1436",12150,28.72,"Male"
"1437",17300,28.72,"Male"
"1438",20500,28.72,"Male"
"1439",6550,28.68,"Female"
"1440",12050,28.68,"Female"
"1441",12100,28.68,"Male"
"1442",3950,28.64,"Male"
"1443",12050,28.64,"Male"
"1444",17350,28.64,"Male"
"1445",20500,28.64,"Male"
"1446",3800,28.6,"Male"
"1447",12100,28.6,"Female"
"1448",20450,28.6,"Male"
"1449",3750,28.56,"Female"
"1450",11950,28.56,"Male"
"1451",17450,28.56,"Male"
"1452",6750,28.52,"Female"
"1453",17450,28.52,"Female"
"1454",17500,28.52,"Female"
"1455",17550,28.52,"Female"
"1456",3700,28.48,"Male"
"1457",11900,28.48,"Male"
"1458",20450,28.48,"Male"
"1459",6850,28.44,"Male"
"1460",6950,28.44,"Female"
"1461",7000,28.44,"Male"
"1462",17650,28.44,"Male"
"1463",7100,28.4,"Female"
"1464",17700,28.4,"Female"
"1465",3550,28.36,"Female"
"1466",7050,28.36,"Female"
"1467",20450,28.36,"Female"
"1468",7200,28.32,"Male"
"1469",20400,28.32,"Male"
"1470",7300,28.28,"Male"
"1471",11300,28.28,"Male"
"1472",3500,28.24,"Female"
"1473",7350,28.24,"Male"
"1474",11050,28.24,"Male"
"1475",11300,28.24,"Female"
"1476",7600,28.2,"Male"
"1477",7650,28.2,"Female"
"1478",10850,28.2,"Female"
"1479",11050,28.2,"Female"
"1480",11100,28.2,"Female"
"1481",3500,28.16,"Female"
"1482",7600,28.16,"Male"
"1483",7900,28.16,"Male"
"1484",11050,28.16,"Female"
"1485",11200,28.16,"Male"
"1486",20400,28.16,"Male"
"1487",20450,28.16,"Male"
"1488",7800,28.12,"Female"
"1489",7950,28.12,"Female"
"1490",10450,28.12,"Male"
"1491",10500,28.12,"Female"
"1492",11150,28.12,"Male"
"1493",11200,28.12,"Male"
"1494",11250,28.12,"Female"
"1495",20400,28.12,"Male"
"1496",10350,28.08,"Female"
"1497",11200,28.08,"Female"
"1498",8350,28.04,"Male"
"1499",8400,28.04,"Female"
"1500",8650,28.04,"Female"
"1501",9800,28.04,"Female"
"1502",9850,28.04,"Male"
"1503",10100,28.04,"Female"
"1504",10150,28.04,"Male"
"1505",10200,28.04,"Male"
"1506",10450,28.04,"Male"
"1507",20400,28.04,"Male"
"1508",8200,28,"Female"
"1509",8550,28,"Female"
"1510",8700,28,"Male"
"1511",8800,28,"Female"
"1512",8900,28,"Male"
"1513",9150,28,"Male"
"1514",9300,28,"Male"
"1515",9500,28,"Female"
"1516",9550,28,"Female"
"1517",9950,28,"Male"
"1518",10100,28,"Female"
"1519",3350,27.96,"Male"
"1520",9200,27.96,"Female"
"1521",9400,27.96,"Male"
"1522",9650,27.96,"Female"
"1523",9700,27.96,"Male"
"1524",9750,27.96,"Female"
"1525",11550,27.96,"Male"
"1526",8000,27.92,"Male"
"1527",11600,27.92,"Female"
"1528",20350,27.92,"Female"
"1529",11700,27.88,"Male"
"1530",20400,27.84,"Male"
"1531",20400,27.8,"Male"
"1532",3200,27.76,"Male"
"1533",11750,27.72,"Male"
"1534",3150,27.68,"Female"
"1535",7350,27.68,"Female"
"1536",7700,27.68,"Female"
"1537",7750,27.68,"Female"
"1538",11900,27.68,"Female"
"1539",11950,27.68,"Male"
"1540",7300,27.6,"Female"
"1541",7650,27.6,"Female"
"1542",7300,27.56,"Female"
"1543",7350,27.56,"Male"
"1544",7650,27.56,"Female"
"1545",11950,27.56,"Male"
"1546",20300,27.56,"Female"
"1547",7350,27.52,"Male"
"1548",12150,27.52,"Male"
"1549",7350,27.44,"Male"
"1550",7550,27.44,"Male"
"1551",12200,27.44,"Male"
"1552",3100,27.4,"Male"
"1553",12250,27.4,"Female"
"1554",20200,27.4,"Female"
"1555",7500,27.36,"Female"
"1556",12250,27.36,"Female"
"1557",12300,27.32,"Male"
"1558",20200,27.32,"Male"
"1559",20250,27.32,"Male"
"1560",3050,27.28,"Female"
"1561",3000,27.24,"Male"
"1562",12400,27.2,"Male"
"1563",12450,27.2,"Male"
"1564",20150,27.2,"Male"
"1565",7400,27.16,"Male"
"1566",3000,27.12,"Male"
"1567",7350,27.12,"Female"
"1568",20100,27.08,"Female"
"1569",3000,27.04,"Male"
"1570",3050,27.04,"Male"
"1571",12500,27.04,"Male"
"1572",12550,27,"Male"
"1573",20050,27,"Male"
"1574",3000,26.96,"Female"
"1575",3000,26.92,"Female"
"1576",12550,26.92,"Male"
"1577",12600,26.92,"Female"
"1578",20000,26.92,"Male"
"1579",12600,26.88,"Male"
"1580",7500,26.8,"Female"
"1581",12700,26.8,"Female"
"1582",3000,26.76,"Male"
"1583",12700,26.76,"Male"
"1584",12750,26.76,"Male"
"1585",19950,26.76,"Female"
"1586",7450,26.72,"Female"
"1587",12700,26.72,"Female"
"1588",12750,26.68,"Male"
"1589",7500,26.64,"Male"
"1590",12800,26.64,"Female"
"1591",19800,26.64,"Male"
"1592",3100,26.56,"Male"
"1593",7500,26.52,"Female"
"1594",3100,26.44,"Female"
"1595",7500,26.44,"Female"
"1596",7600,26.44,"Male"
"1597",12900,26.44,"Male"
"1598",19350,26.4,"Female"
"1599",3100,26.36,"Male"
"1600",7550,26.36,"Male"
"1601",12900,26.36,"Male"
"1602",19200,26.36,"Female"
"1603",19400,26.36,"Male"
"1604",3150,26.28,"Female"
"1605",7650,26.24,"Female"
"1606",18600,26.24,"Female"
"1607",19100,26.24,"Female"
"1608",19400,26.24,"Male"
"1609",19600,26.24,"Male"
"1610",18450,26.2,"Male"
"1611",18550,26.2,"Female"
"1612",18600,26.2,"Female"
"1613",3150,26.16,"Female"
"1614",13000,26.16,"Male"
"1615",19350,26.16,"Female"
"1616",19500,26.16,"Male"
"1617",3100,26.12,"Female"
"1618",3150,26.12,"Male"
"1619",7650,26.12,"Male"
"1620",13000,26.12,"Female"
"1621",13050,26.12,"Female"
"1622",18400,26.12,"Male"
"1623",19400,26.12,"Female"
"1624",3150,26.08,"Female"
"1625",18100,26.08,"Female"
"1626",18250,26.08,"Male"
"1627",18750,26.08,"Male"
"1628",3150,26.04,"Male"
"1629",17600,26.04,"Male"
"1630",17700,26.04,"Male"
"1631",18500,26.04,"Female"
"1632",18600,26.04,"Female"
"1633",18750,26.04,"Male"
"1634",14100,26,"Male"
"1635",14200,26,"Female"
"1636",14400,26,"Male"
"1637",14650,26,"Female"
"1638",15350,26,"Male"
"1639",15600,26,"Male"
"1640",15650,26,"Male"
"1641",15950,26,"Female"
"1642",17250,26,"Male"
"1643",17400,26,"Male"
"1644",17500,26,"Male"
"1645",17600,26,"Male"
"1646",17850,26,"Male"
"1647",17900,26,"Male"
"1648",19450,26,"Female"
"1649",14000,25.96,"Female"
"1650",14250,25.96,"Female"
"1651",14350,25.96,"Male"
"1652",14550,25.96,"Female"
"1653",14850,25.96,"Male"
"1654",14900,25.96,"Female"
"1655",14950,25.96,"Female"
"1656",15450,25.96,"Male"
"1657",15850,25.96,"Female"
"1658",16100,25.96,"Male"
"1659",16250,25.96,"Female"
"1660",16400,25.96,"Female"
"1661",16500,25.96,"Male"
"1662",16550,25.96,"Male"
"1663",16650,25.96,"Male"
"1664",16900,25.96,"Male"
"1665",17050,25.96,"Male"
"1666",17150,25.96,"Female"
"1667",18450,25.96,"Female"
"1668",13000,25.92,"Male"
"1669",13100,25.92,"Male"
"1670",16550,25.92,"Female"
"1671",18400,25.92,"Female"
"1672",7750,25.88,"Female"
"1673",18400,25.88,"Male"
"1674",18450,25.88,"Female"
"1675",13500,25.84,"Male"
"1676",13550,25.8,"Male"
"1677",3250,25.76,"Male"
"1678",13100,25.76,"Female"
"1679",13250,25.76,"Female"
"1680",13400,25.76,"Male"
"1681",9600,25.72,"Female"
"1682",9650,25.72,"Male"
"1683",13200,25.72,"Female"
"1684",3250,25.68,"Male"
"1685",13200,25.68,"Female"
"1686",13250,25.68,"Male"
"1687",9700,25.64,"Male"
"1688",13050,25.64,"Female"
"1689",9650,25.6,"Male"
"1690",13050,25.6,"Female"
"1691",13150,25.6,"Female"
"1692",3300,25.56,"Female"
"1693",3300,25.52,"Male"
"1694",13100,25.48,"Male"
"1695",8000,25.44,"Male"
"1696",9650,25.44,"Female"
"1697",13100,25.44,"Female"
"1698",3400,25.4,"Male"
"1699",8100,25.36,"Female"
"1700",8050,25.32,"Male"
"1701",8100,25.32,"Female"
"1702",9700,25.32,"Female"
"1703",8150,25.24,"Male"
"1704",3500,25.16,"Female"
"1705",8150,25.16,"Male"
"1706",13150,25.16,"Male"
"1707",3500,25.12,"Female"
"1708",9700,25.12,"Female"
"1709",3500,25.08,"Female"
"1710",3550,25.08,"Male"
"1711",13100,25.08,"Female"
"1712",13150,25.08,"Male"
"1713",8250,25.04,"Male"
"1714",9700,25.04,"Male"
"1715",13150,25.04,"Male"
"1716",3550,25,"Female"
"1717",9650,25,"Female"
"1718",13150,25,"Female"
"1719",3550,24.96,"Male"
"1720",8250,24.96,"Female"
"1721",8350,24.96,"Female"
"1722",9700,24.96,"Female"
"1723",13150,24.96,"Female"
"1724",3550,24.92,"Female"
"1725",3600,24.88,"Female"
"1726",3650,24.88,"Male"
"1727",3700,24.88,"Female"
"1728",3500,24.84,"Male"
"1729",3650,24.84,"Female"
"1730",3700,24.84,"Male"
"1731",9600,24.84,"Female"
"1732",13050,24.84,"Male"
"1733",3700,24.8,"Male"
"1734",8400,24.8,"Male"
"1735",9600,24.8,"Female"
"1736",9700,24.8,"Female"
"1737",13050,24.8,"Male"
"1738",13100,24.76,"Male"
"1739",13100,24.72,"Male"
"1740",3350,24.68,"Female"
"1741",3750,24.68,"Male"
"1742",8500,24.68,"Female"
"1743",3850,24.64,"Female"
"1744",8600,24.64,"Male"
"1745",13050,24.64,"Female"
"1746",3800,24.6,"Male"
"1747",8550,24.6,"Male"
"1748",8600,24.6,"Male"
"1749",9600,24.6,"Female"
"1750",9650,24.6,"Female"
"1751",3250,24.56,"Male"
"1752",8750,24.52,"Male"
"1753",9600,24.48,"Female"
"1754",13000,24.48,"Female"
"1755",3250,24.44,"Male"
"1756",3900,24.44,"Female"
"1757",9600,24.44,"Male"
"1758",9600,24.4,"Male"
"1759",13000,24.4,"Male"
"1760",8900,24.36,"Female"
"1761",8950,24.32,"Male"
"1762",12950,24.32,"Female"
"1763",2950,24.28,"Female"
"1764",8950,24.28,"Female"
"1765",9550,24.28,"Female"
"1766",2900,24.24,"Male"
"1767",4200,24.24,"Male"
"1768",9050,24.24,"Male"
"1769",9550,24.24,"Male"
"1770",2800,24.2,"Male"
"1771",9000,24.2,"Male"
"1772",12900,24.2,"Female"
"1773",4150,24.16,"Male"
"1774",9100,24.16,"Male"
"1775",9500,24.16,"Female"
"1776",9550,24.16,"Female"
"1777",12800,24.16,"Female"
"1778",2700,24.12,"Male"
"1779",2800,24.12,"Male"
"1780",9200,24.08,"Male"
"1781",2650,24.04,"Female"
"1782",9500,24.04,"Male"
"1783",12800,24,"Male"
"1784",9350,23.96,"Female"
"1785",9450,23.96,"Female"
"1786",12650,23.92,"Male"
"1787",4550,23.88,"Female"
"1788",9450,23.88,"Male"
"1789",12650,23.88,"Male"
"1790",4600,23.84,"Male"
"1791",9600,23.84,"Male"
"1792",12600,23.84,"Male"
"1793",12650,23.84,"Male"
"1794",2300,23.8,"Male"
"1795",4600,23.8,"Female"
"1796",9600,23.8,"Female"
"1797",9650,23.8,"Male"
"1798",2250,23.76,"Female"
"1799",4700,23.76,"Female"
"1800",12500,23.72,"Female"
"1801",12550,23.72,"Male"
"1802",12600,23.72,"Male"
"1803",2100,23.68,"Male"
"1804",12500,23.68,"Male"
"1805",9850,23.64,"Female"
"1806",12500,23.64,"Male"
"1807",2050,23.6,"Female"
"1808",4850,23.6,"Male"
"1809",9850,23.6,"Female"
"1810",12500,23.6,"Male"
"1811",9950,23.56,"Male"
"1812",1900,23.52,"Female"
"1813",4950,23.52,"Male"
"1814",12400,23.52,"Male"
"1815",12450,23.52,"Female"
"1816",10000,23.48,"Male"
"1817",12150,23.48,"Male"
"1818",12300,23.48,"Male"
"1819",10400,23.44,"Female"
"1820",10650,23.44,"Male"
"1821",11600,23.44,"Female"
"1822",11700,23.44,"Female"
"1823",1700,23.4,"Male"
"1824",1750,23.4,"Male"
"1825",5100,23.4,"Male"
"1826",5150,23.4,"Male"
"1827",10400,23.4,"Male"
"1828",10550,23.4,"Male"
"1829",10600,23.4,"Female"
"1830",11800,23.4,"Male"
"1831",10050,23.36,"Male"
"1832",10700,23.36,"Female"
"1833",10750,23.36,"Male"
"1834",10950,23.36,"Female"
"1835",11050,23.36,"Female"
"1836",11550,23.36,"Female"
"1837",1650,23.32,"Female"
"1838",5250,23.32,"Male"
"1839",10150,23.32,"Male"
"1840",1650,23.28,"Male"
"1841",1600,23.24,"Female"
"1842",5350,23.24,"Male"
"1843",1450,23.2,"Female"
"1844",1550,23.2,"Female"
"1845",5350,23.2,"Female"
"1846",10200,23.2,"Male"
"1847",12050,23.2,"Male"
"1848",1400,23.16,"Male"
"1849",1450,23.16,"Male"
"1850",5350,23.16,"Male"
"1851",5450,23.16,"Male"
"1852",12050,23.16,"Female"
"1853",5450,23.08,"Female"
"1854",12050,23.08,"Male"
"1855",1300,23.04,"Male"
"1856",1350,23.04,"Male"
"1857",5500,23.04,"Male"
"1858",10450,23.04,"Female"
"1859",12000,23.04,"Male"
"1860",12150,23.04,"Female"
"1861",1300,23,"Male"
"1862",12000,23,"Female"
"1863",12100,23,"Female"
"1864",12200,23,"Female"
"1865",10500,22.92,"Female"
"1866",12350,22.92,"Female"
"1867",12500,22.92,"Male"
"1868",5700,22.88,"Male"
"1869",11850,22.88,"Female"
"1870",10550,22.84,"Female"
"1871",10600,22.84,"Female"
"1872",12650,22.8,"Female"
"1873",12700,22.8,"Female"
"1874",5800,22.76,"Female"
"1875",11750,22.76,"Female"
"1876",12750,22.76,"Female"
"1877",10600,22.72,"Male"
"1878",11750,22.72,"Female"
"1879",5750,22.68,"Male"
"1880",10650,22.68,"Female"
"1881",10750,22.64,"Female"
"1882",11750,22.6,"Male"
"1883",5850,22.56,"Male"
"1884",10700,22.56,"Male"
"1885",900,22.52,"Female"
"1886",10800,22.52,"Female"
"1887",800,22.48,"Female"
"1888",850,22.48,"Male"
"1889",10850,22.48,"Female"
"1890",11700,22.48,"Male"
"1891",13050,22.48,"Female"
"1892",10800,22.44,"Female"
"1893",10900,22.44,"Female"
"1894",11650,22.44,"Female"
"1895",13100,22.44,"Male"
"1896",13150,22.44,"Male"
"1897",5950,22.4,"Male"
"1898",11600,22.4,"Male"
"1899",13150,22.4,"Female"
"1900",10850,22.36,"Male"
"1901",11550,22.36,"Male"
"1902",13200,22.36,"Male"
"1903",6000,22.32,"Male"
"1904",6050,22.32,"Male"
"1905",700,22.28,"Female"
"1906",750,22.28,"Female"
"1907",6000,22.28,"Male"
"1908",13250,22.28,"Female"
"1909",750,22.24,"Female"
"1910",6050,22.24,"Male"
"1911",6100,22.24,"Female"
"1912",11000,22.24,"Male"
"1913",6100,22.2,"Female"
"1914",13300,22.2,"Male"
"1915",11350,22.16,"Female"
"1916",11400,22.16,"Male"
"1917",13350,22.16,"Male"
"1918",650,22.12,"Female"
"1919",6150,22.12,"Male"
"1920",11350,22.12,"Male"
"1921",13350,22.12,"Male"
"1922",13400,22.12,"Male"
"1923",11050,22.08,"Male"
"1924",13400,22.08,"Female"
"1925",13450,22.08,"Male"
"1926",600,22.04,"Male"
"1927",6100,22.04,"Male"
"1928",13400,22,"Male"
"1929",11150,21.96,"Female"
"1930",13500,21.96,"Male"
"1931",6200,21.92,"Male"
"1932",13550,21.92,"Female"
"1933",6150,21.88,"Female"
"1934",13500,21.88,"Male"
"1935",11200,21.84,"Female"
"1936",11150,21.8,"Female"
"1937",11250,21.8,"Female"
"1938",550,21.76,"Female"
"1939",6250,21.76,"Male"
"1940",13600,21.76,"Male"
"1941",11200,21.72,"Female"
"1942",13600,21.72,"Female"
"1943",500,21.68,"Male"
"1944",550,21.68,"Male"
"1945",11300,21.68,"Female"
"1946",13550,21.68,"Male"
"1947",500,21.64,"Male"
"1948",11300,21.64,"Male"
"1949",13600,21.64,"Female"
"1950",500,21.6,"Female"
"1951",11250,21.6,"Female"
"1952",11300,21.6,"Female"
"1953",11350,21.6,"Female"
"1954",6350,21.56,"Male"
"1955",13600,21.56,"Male"
"1956",550,21.52,"Female"
"1957",11300,21.52,"Male"
"1958",550,21.44,"Male"
"1959",11350,21.44,"Female"
"1960",11400,21.44,"Male"
"1961",550,21.4,"Female"
"1962",500,21.36,"Male"
"1963",6350,21.36,"Male"
"1964",11350,21.36,"Male"
"1965",11400,21.36,"Female"
"1966",13600,21.36,"Male"
"1967",13650,21.36,"Male"
"1968",550,21.32,"Male"
"1969",6350,21.32,"Male"
"1970",13600,21.28,"Male"
"1971",13650,21.28,"Female"
"1972",6350,21.2,"Female"
"1973",13600,21.2,"Female"
"1974",11500,21.16,"Female"
"1975",11500,21.12,"Male"
"1976",550,21.08,"Female"
"1977",11500,21.08,"Male"
"1978",11550,21.04,"Male"
"1979",13600,21,"Female"
"1980",550,20.96,"Female"
"1981",6250,20.96,"Male"
"1982",6350,20.96,"Female"
"1983",550,20.92,"Female"
"1984",13500,20.92,"Male"
"1985",13550,20.92,"Male"
"1986",6100,20.88,"Female"
"1987",600,20.84,"Female"
"1988",13500,20.84,"Male"
"1989",5900,20.8,"Female"
"1990",6450,20.8,"Female"
"1991",5700,20.76,"Male"
"1992",11650,20.76,"Male"
"1993",600,20.72,"Female"
"1994",13450,20.72,"Male"
"1995",6500,20.68,"Male"
"1996",5350,20.64,"Female"
"1997",5400,20.64,"Male"
"1998",11650,20.64,"Female"
"1999",13500,20.64,"Female"
"2000",650,20.6,"Female"
"2001",5200,20.6,"Male"
"2002",5400,20.6,"Male"
"2003",6500,20.6,"Male"
"2004",11650,20.6,"Male"
"2005",13450,20.6,"Female"
"2006",5150,20.56,"Male"
"2007",5300,20.56,"Female"
"2008",6450,20.56,"Male"
"2009",13450,20.56,"Male"
"2010",5100,20.52,"Female"
"2011",5050,20.48,"Male"
"2012",6550,20.48,"Female"
"2013",650,20.44,"Male"
"2014",6500,20.44,"Male"
"2015",13450,20.44,"Female"
"2016",750,20.4,"Female"
"2017",5000,20.4,"Male"
"2018",6550,20.4,"Female"
"2019",6550,20.32,"Male"
"2020",4650,20.28,"Female"
"2021",4700,20.28,"Male"
"2022",6550,20.28,"Male"
"2023",13450,20.28,"Male"
"2024",800,20.24,"Female"
"2025",4650,20.24,"Male"
"2026",6550,20.24,"Male"
"2027",6600,20.24,"Female"
"2028",11750,20.2,"Male"
"2029",6600,20.16,"Female"
"2030",13450,20.16,"Female"
"2031",4600,20.12,"Male"
"2032",6650,20.12,"Male"
"2033",6700,20.12,"Male"
"2034",11700,20.12,"Female"
"2035",13400,20.12,"Male"
"2036",800,20.08,"Female"
"2037",11700,20.08,"Female"
"2038",13400,20.08,"Male"
"2039",900,20.04,"Female"
"2040",4400,20.04,"Male"
"2041",13350,20.04,"Male"
"2042",4450,20,"Male"
"2043",11750,20,"Female"
"2044",13350,20,"Female"
"2045",13400,20,"Female"
"2046",6700,19.96,"Female"
"2047",11700,19.96,"Male"
"2048",13400,19.96,"Female"
"2049",4400,19.92,"Male"
"2050",6750,19.92,"Male"
"2051",11700,19.92,"Female"
"2052",11750,19.92,"Female"
"2053",950,19.88,"Female"
"2054",1000,19.88,"Female"
"2055",4300,19.88,"Female"
"2056",4400,19.88,"Male"
"2057",6800,19.88,"Male"
"2058",13400,19.88,"Female"
"2059",1000,19.84,"Female"
"2060",11700,19.84,"Female"
"2061",11750,19.84,"Male"
"2062",11800,19.84,"Female"
"2063",1000,19.8,"Male"
"2064",4300,19.8,"Male"
"2065",11700,19.8,"Female"
"2066",13400,19.8,"Female"
"2067",1000,19.76,"Female"
"2068",1050,19.76,"Male"
"2069",4250,19.76,"Male"
"2070",13350,19.76,"Female"
"2071",4300,19.72,"Male"
"2072",13350,19.72,"Male"
"2073",1100,19.68,"Female"
"2074",11800,19.68,"Male"
"2075",6850,19.64,"Female"
"2076",1200,19.6,"Male"
"2077",13350,19.6,"Male"
"2078",4200,19.56,"Female"
"2079",4250,19.56,"Male"
"2080",6900,19.56,"Female"
"2081",11750,19.56,"Female"
"2082",1150,19.52,"Female"
"2083",1200,19.52,"Male"
"2084",1200,19.48,"Male"
"2085",4200,19.48,"Male"
"2086",4250,19.48,"Female"
"2087",13350,19.48,"Male"
"2088",1200,19.44,"Male"
"2089",1300,19.44,"Female"
"2090",7050,19.44,"Female"
"2091",1300,19.4,"Male"
"2092",1250,19.36,"Female"
"2093",1300,19.36,"Female"
"2094",4250,19.32,"Male"
"2095",11850,19.32,"Male"
"2096",7150,19.24,"Male"
"2097",1400,19.2,"Female"
"2098",1450,19.2,"Male"
"2099",4250,19.2,"Female"
"2100",7250,19.16,"Female"
"2101",1450,19.12,"Male"
"2102",1550,19.12,"Male"
"2103",4250,19.12,"Male"
"2104",13350,19.12,"Male"
"2105",1500,19.04,"Female"
"2106",4250,19.04,"Female"
"2107",4350,19.04,"Female"
"2108",7300,19.04,"Male"
"2109",11900,19.04,"Male"
"2110",13450,19.04,"Male"
"2111",13450,19,"Male"
"2112",1650,18.96,"Male"
"2113",4350,18.96,"Female"
"2114",7400,18.96,"Female"
"2115",11850,18.96,"Male"
"2116",13450,18.96,"Female"
"2117",7450,18.92,"Male"
"2118",11850,18.92,"Male"
"2119",13450,18.92,"Male"
"2120",13500,18.92,"Male"
"2121",1700,18.88,"Female"
"2122",4500,18.84,"Male"
"2123",13550,18.84,"Male"
"2124",4800,18.8,"Female"
"2125",13500,18.8,"Male"
"2126",4500,18.76,"Male"
"2127",4800,18.76,"Male"
"2128",4550,18.72,"Female"
"2129",4600,18.72,"Male"
"2130",11900,18.72,"Male"
"2131",4650,18.68,"Male"
"2132",7700,18.68,"Female"
"2133",13600,18.68,"Male"
"2134",1750,18.64,"Male"
"2135",11350,18.64,"Female"
"2136",11450,18.64,"Male"
"2137",11500,18.64,"Female"
"2138",13750,18.64,"Female"
"2139",1750,18.6,"Female"
"2140",12050,18.6,"Male"
"2141",1700,18.56,"Male"
"2142",4600,18.56,"Female"
"2143",4650,18.56,"Female"
"2144",7800,18.56,"Female"
"2145",11500,18.56,"Male"
"2146",12000,18.56,"Male"
"2147",13800,18.56,"Female"
"2148",4600,18.52,"Female"
"2149",11550,18.52,"Male"
"2150",11600,18.52,"Female"
"2151",12000,18.52,"Male"
"2152",13800,18.52,"Female"
"2153",1700,18.48,"Male"
"2154",10650,18.48,"Male"
"2155",12050,18.48,"Female"
"2156",1650,18.44,"Female"
"2157",1700,18.44,"Male"
"2158",2400,18.44,"Female"
"2159",4550,18.44,"Male"
"2160",12100,18.44,"Male"
"2161",12150,18.44,"Male"
"2162",13450,18.44,"Female"
"2163",1600,18.4,"Male"
"2164",1700,18.4,"Female"
"2165",4800,18.4,"Female"
"2166",10550,18.4,"Female"
"2167",10700,18.4,"Female"
"2168",11800,18.4,"Male"
"2169",12150,18.4,"Male"
"2170",12200,18.4,"Female"
"2171",13450,18.4,"Female"
"2172",13700,18.4,"Male"
"2173",2100,18.36,"Male"
"2174",2550,18.36,"Female"
"2175",4350,18.36,"Male"
"2176",4450,18.36,"Male"
"2177",4900,18.36,"Female"
"2178",10700,18.36,"Female"
"2179",10750,18.36,"Female"
"2180",13350,18.36,"Male"
"2181",13750,18.36,"Female"
"2182",13800,18.36,"Female"
"2183",2000,18.32,"Female"
"2184",2950,18.32,"Male"
"2185",3700,18.32,"Female"
"2186",3950,18.32,"Male"
"2187",4250,18.32,"Male"
"2188",4950,18.32,"Female"
"2189",5000,18.32,"Male"
"2190",8000,18.32,"Male"
"2191",10550,18.32,"Female"
"2192",11200,18.32,"Male"
"2193",11850,18.32,"Female"
"2194",11900,18.32,"Male"
"2195",12050,18.32,"Male"
"2196",13200,18.32,"Male"
"2197",13350,18.32,"Male"
"2198",13750,18.32,"Male"
"2199",13950,18.32,"Female"
"2200",3100,18.28,"Female"
"2201",3150,18.28,"Male"
"2202",4050,18.28,"Female"
"2203",4200,18.28,"Female"
"2204",10550,18.28,"Female"
"2205",11250,18.28,"Male"
"2206",12050,18.28,"Female"
"2207",12850,18.28,"Female"
"2208",13100,18.28,"Male"
"2209",13150,18.28,"Male"
"2210",13950,18.28,"Male"
"2211",1700,18.24,"Female"
"2212",2900,18.24,"Male"
"2213",3100,18.24,"Male"
"2214",3150,18.24,"Male"
"2215",3250,18.24,"Male"
"2216",3300,18.24,"Male"
"2217",9950,18.24,"Male"
"2218",11250,18.24,"Male"
"2219",12050,18.24,"Male"
"2220",12750,18.24,"Male"
"2221",13900,18.24,"Male"
"2222",13950,18.24,"Male"
"2223",14100,18.24,"Female"
"2224",2750,18.2,"Female"
"2225",3350,18.2,"Female"
"2226",8050,18.2,"Female"
"2227",8100,18.2,"Male"
"2228",9600,18.2,"Male"
"2229",9850,18.2,"Female"
"2230",10900,18.2,"Female"
"2231",12100,18.2,"Female"
"2232",14050,18.2,"Male"
"2233",1350,18.16,"Male"
"2234",1450,18.16,"Female"
"2235",1600,18.16,"Male"
"2236",3550,18.16,"Male"
"2237",3650,18.16,"Female"
"2238",3750,18.16,"Male"
"2239",5250,18.16,"Female"
"2240",5300,18.16,"Female"
"2241",8150,18.16,"Male"
"2242",9550,18.16,"Male"
"2243",9900,18.16,"Female"
"2244",10450,18.16,"Female"
"2245",11100,18.16,"Male"
"2246",14350,18.16,"Female"
"2247",14600,18.16,"Female"
"2248",14650,18.16,"Female"
"2249",1350,18.12,"Female"
"2250",8100,18.12,"Male"
"2251",10000,18.12,"Male"
"2252",10450,18.12,"Female"
"2253",12100,18.12,"Female"
"2254",12150,18.12,"Female"
"2255",12250,18.12,"Male"
"2256",12350,18.12,"Female"
"2257",12600,18.12,"Female"
"2258",14450,18.12,"Female"
"2259",14600,18.12,"Female"
"2260",14650,18.12,"Female"
"2261",14900,18.12,"Male"
"2262",1250,18.08,"Male"
"2263",1350,18.08,"Female"
"2264",5400,18.08,"Male"
"2265",9550,18.08,"Female"
"2266",9600,18.08,"Male"
"2267",11000,18.08,"Female"
"2268",12050,18.08,"Male"
"2269",12500,18.08,"Female"
"2270",12550,18.08,"Male"
"2271",14700,18.08,"Female"
"2272",14750,18.08,"Male"
"2273",14850,18.08,"Male"
"2274",1000,18.04,"Male"
"2275",1150,18.04,"Female"
"2276",9500,18.04,"Male"
"2277",10100,18.04,"Female"
"2278",12100,18.04,"Female"
"2279",15000,18.04,"Male"
"2280",15150,18.04,"Male"
"2281",15400,18.04,"Male"
"2282",950,18,"Male"
"2283",1000,18,"Female"
"2284",2000,18,"Female"
"2285",8150,18,"Female"
"2286",8900,18,"Female"
"2287",9500,18,"Male"
"2288",10050,18,"Male"
"2289",850,17.96,"Male"
"2290",900,17.96,"Female"
"2291",1800,17.96,"Female"
"2292",1850,17.96,"Male"
"2293",8100,17.96,"Female"
"2294",8750,17.96,"Male"
"2295",10150,17.96,"Male"
"2296",10400,17.96,"Female"
"2297",15700,17.96,"Female"
"2298",1600,17.92,"Male"
"2299",1650,17.92,"Male"
"2300",8700,17.92,"Female"
"2301",9550,17.92,"Male"
"2302",12150,17.92,"Female"
"2303",15950,17.92,"Male"
"2304",16000,17.92,"Female"
"2305",800,17.88,"Female"
"2306",1600,17.88,"Female"
"2307",1650,17.88,"Female"
"2308",3350,17.88,"Female"
"2309",5400,17.88,"Female"
"2310",8200,17.88,"Male"
"2311",8700,17.88,"Male"
"2312",9100,17.88,"Female"
"2313",12200,17.88,"Female"
"2314",12250,17.88,"Female"
"2315",15150,17.88,"Male"
"2316",15200,17.88,"Male"
"2317",650,17.84,"Female"
"2318",8150,17.84,"Female"
"2319",8700,17.84,"Female"
"2320",9150,17.84,"Female"
"2321",9250,17.84,"Male"
"2322",10200,17.84,"Female"
"2323",15150,17.84,"Female"
"2324",650,17.8,"Female"
"2325",1400,17.8,"Female"
"2326",1500,17.8,"Male"
"2327",9500,17.8,"Female"
"2328",12250,17.8,"Male"
"2329",15300,17.8,"Male"
"2330",16300,17.8,"Female"
"2331",16400,17.8,"Male"
"2332",450,17.76,"Male"
"2333",1250,17.76,"Female"
"2334",2900,17.76,"Female"
"2335",2950,17.76,"Male"
"2336",8650,17.76,"Male"
"2337",12250,17.76,"Female"
"2338",15350,17.76,"Male"
"2339",15700,17.76,"Female"
"2340",400,17.72,"Male"
"2341",1250,17.72,"Male"
"2342",4150,17.72,"Male"
"2343",4250,17.72,"Male"
"2344",4300,17.72,"Male"
"2345",4600,17.72,"Male"
"2346",4650,17.72,"Male"
"2347",5400,17.72,"Female"
"2348",12250,17.72,"Male"
"2349",12300,17.72,"Male"
"2350",12350,17.72,"Female"
"2351",1200,17.68,"Female"
"2352",2600,17.68,"Female"
"2353",2700,17.68,"Female"
"2354",4700,17.68,"Female"
"2355",4750,17.68,"Female"
"2356",8200,17.68,"Male"
"2357",9350,17.68,"Male"
"2358",12300,17.68,"Male"
"2359",14950,17.68,"Male"
"2360",15900,17.68,"Male"
"2361",1000,17.64,"Male"
"2362",2550,17.64,"Female"
"2363",2700,17.64,"Male"
"2364",12300,17.64,"Female"
"2365",15100,17.64,"Male"
"2366",16500,17.64,"Female"
"2367",16550,17.64,"Male"
"2368",3950,17.6,"Female"
"2369",4950,17.6,"Female"
"2370",5400,17.6,"Male"
"2371",8200,17.6,"Male"
"2372",8500,17.6,"Female"
"2373",8550,17.6,"Female"
"2374",14000,17.6,"Male"
"2375",14050,17.6,"Female"
"2376",15250,17.6,"Female"
"2377",16050,17.6,"Female"
"2378",16500,17.6,"Male"
"2379",2500,17.56,"Male"
"2380",2550,17.56,"Female"
"2381",3950,17.56,"Female"
"2382",5000,17.56,"Male"
"2383",8150,17.56,"Male"
"2384",13950,17.56,"Male"
"2385",14050,17.56,"Male"
"2386",14100,17.56,"Female"
"2387",100,17.52,"Male"
"2388",900,17.52,"Male"
"2389",2550,17.52,"Female"
"2390",5100,17.52,"Male"
"2391",8550,17.52,"Female"
"2392",8650,17.52,"Male"
"2393",15300,17.52,"Male"
"2394",15450,17.52,"Male"
"2395",16250,17.52,"Male"
"2396",50,17.48,"Female"
"2397",100,17.48,"Female"
"2398",950,17.48,"Male"
"2399",2450,17.48,"Male"
"2400",3800,17.48,"Female"
"2401",8250,17.48,"Female"
"2402",15500,17.48,"Female"
"2403",16450,17.48,"Female"
"2404",100,17.44,"Female"
"2405",900,17.44,"Male"
"2406",2350,17.44,"Male"
"2407",2450,17.44,"Female"
"2408",3800,17.44,"Male"
"2409",12400,17.44,"Female"
"2410",14400,17.44,"Male"
"2411",15450,17.44,"Male"
"2412",15500,17.44,"Male"
"2413",16250,17.44,"Male"
"2414",8200,17.4,"Male"
"2415",8600,17.4,"Male"
"2416",12900,17.4,"Male"
"2417",14500,17.4,"Male"
"2418",14550,17.4,"Female"
"2419",15550,17.4,"Female"
"2420",16500,17.4,"Male"
"2421",800,17.36,"Female"
"2422",2350,17.36,"Male"
"2423",2400,17.36,"Male"
"2424",3700,17.36,"Female"
"2425",8600,17.36,"Male"
"2426",12700,17.36,"Female"
"2427",16300,17.36,"Female"
"2428",2300,17.32,"Female"
"2429",2350,17.32,"Female"
"2430",3700,17.32,"Female"
"2431",12400,17.32,"Female"
"2432",12800,17.32,"Female"
"2433",14700,17.32,"Male"
"2434",15700,17.32,"Male"
"2435",16300,17.32,"Male"
"2436",16350,17.32,"Female"
"2437",16400,17.32,"Female"
"2438",750,17.28,"Female"
"2439",12600,17.28,"Male"
"2440",13150,17.28,"Female"
"2441",13200,17.28,"Male"
"2442",13250,17.28,"Female"
"2443",13350,17.28,"Male"
"2444",13450,17.28,"Female"
"2445",750,17.24,"Male"
"2446",12450,17.24,"Male"
"2447",12600,17.24,"Male"
"2448",13500,17.24,"Female"
"2449",13550,17.24,"Female"
"2450",14800,17.24,"Male"
"2451",8700,17.2,"Male"
"2452",15700,17.2,"Female"
"2453",800,17.16,"Male"
"2454",3350,17.16,"Female"
"2455",13650,17.16,"Female"
"2456",13700,17.16,"Male"
"2457",13800,17.16,"Female"
"2458",13850,17.16,"Male"
"2459",15000,17.16,"Male"
"2460",15900,17.16,"Male"
"2461",3350,17.12,"Female"
"2462",13800,17.12,"Male"
"2463",13850,17.12,"Female"
"2464",15850,17.12,"Male"
"2465",16000,17.12,"Female"
"2466",250,17.08,"Female"
"2467",2750,17.08,"Male"
"2468",3300,17.08,"Female"
"2469",8700,17.08,"Female"
"2470",12450,17.08,"Male"
"2471",14050,17.08,"Male"
"2472",14100,17.08,"Male"
"2473",15000,17.08,"Male"
"2474",15050,17.08,"Female"
"2475",150,17.04,"Male"
"2476",300,17.04,"Male"
"2477",350,17.04,"Male"
"2478",750,17.04,"Male"
"2479",2200,17.04,"Male"
"2480",2250,17.04,"Male"
"2481",2450,17.04,"Female"
"2482",2650,17.04,"Female"
"2483",2700,17.04,"Male"
"2484",8650,17.04,"Female"
"2485",14000,17.04,"Male"
"2486",14150,17.04,"Female"
"2487",14200,17.04,"Female"
"2488",14300,17.04,"Female"
"2489",14350,17.04,"Female"
"2490",14400,17.04,"Male"
"2491",300,17,"Male"
"2492",350,17,"Male"
"2493",850,17,"Female"
"2494",1000,17,"Male"
"2495",1200,17,"Female"
"2496",1750,17,"Female"
"2497",2550,17,"Male"
"2498",2600,17,"Female"
"2499",12400,17,"Male"
"2500",14200,17,"Male"
"2501",14700,17,"Male"
"2502",15500,17,"Female"
"2503",15550,17,"Male"
"2504",800,16.96,"Female"
"2505",1200,16.96,"Male"
"2506",1300,16.96,"Male"
"2507",1550,16.96,"Male"
"2508",1600,16.96,"Male"
"2509",8650,16.96,"Male"
"2510",14550,16.96,"Male"
"2511",15350,16.96,"Female"
"2512",15450,16.96,"Male"
"2513",8650,16.92,"Female"
"2514",14800,16.92,"Female"
"2515",8650,16.76,"Female"
"2516",12450,16.76,"Male"
"2517",8550,16.6,"Female"
"2518",12450,16.6,"Female"
"2519",8400,16.48,"Male"
"2520",8450,16.48,"Female"
"2521",8250,16.4,"Male"
"2522",8550,16.4,"Female"
"2523",8250,16.36,"Male"
"2524",12450,16.36,"Female"
"2525",8500,16.32,"Male"
"2526",12400,16.28,"Female"
"2527",8050,16.24,"Male"
"2528",8150,16.24,"Male"
"2529",12400,16.24,"Male"
"2530",8450,16.16,"Male"
"2531",12400,16.16,"Male"
"2532",8050,16.12,"Male"
"2533",12350,16.08,"Female"
"2534",12400,16.08,"Female"
"2535",8550,16,"Female"
"2536",12350,16,"Male"
"2537",8500,15.96,"Female"
"2538",8150,15.92,"Female"
"2539",12300,15.92,"Female"
"2540",12300,15.84,"Male"
"2541",8100,15.8,"Male"
"2542",8200,15.8,"Female"
"2543",8650,15.8,"Female"
"2544",8650,15.76,"Male"
"2545",12150,15.76,"Female"
"2546",18000,15.76,"Male"
"2547",12050,15.72,"Male"
"2548",12100,15.72,"Male"
"2549",8250,15.68,"Female"
"2550",8700,15.68,"Male"
"2551",8200,15.64,"Female"
"2552",8750,15.64,"Female"
"2553",11950,15.6,"Female"
"2554",8300,15.56,"Male"
"2555",8250,15.52,"Male"
"2556",8250,15.48,"Female"
"2557",11800,15.48,"Female"
"2558",8450,15.36,"Male"
"2559",11500,15.36,"Male"
"2560",11300,15.32,"Female"
"2561",8550,15.28,"Female"
"2562",11050,15.28,"Male"
"2563",11150,15.28,"Female"
"2564",11350,15.28,"Female"
"2565",8500,15.24,"Female"
"2566",8550,15.24,"Female"
"2567",11100,15.24,"Male"
"2568",11150,15.24,"Male"
"2569",8600,15.2,"Female"
"2570",8650,15.2,"Male"
"2571",10600,15.2,"Male"
"2572",10800,15.2,"Female"
"2573",10900,15.2,"Female"
"2574",10450,15.16,"Female"
"2575",10550,15.16,"Male"
"2576",10800,15.16,"Male"
"2577",8650,15.12,"Male"
"2578",8700,15.12,"Female"
"2579",9900,15.12,"Female"
"2580",10150,15.12,"Female"
"2581",10550,15.12,"Female"
"2582",8800,15.08,"Male"
"2583",8850,15.08,"Female"
"2584",8950,15.08,"Female"
"2585",9650,15.08,"Male"
"2586",9700,15.08,"Male"
"2587",9750,15.08,"Male"
"2588",9850,15.08,"Female"
"2589",10150,15.08,"Female"
"2590",9150,15.04,"Male"
"2591",9500,15.04,"Female"
"2592",9700,15.04,"Female"
"2593",9950,15.04,"Female"
