lat,lon,elevation,time
55.721653000,13.218106000,74.2,2016-07-21T14:54:18Z
55.721628000,13.218266000,74.3,2016-07-21T14:54:27Z
55.721606000,13.218408000,74.4,2016-07-21T14:54:30Z
55.721594000,13.218581000,74.4,2016-07-21T14:54:33Z
55.721597000,13.218772000,74.5,2016-07-21T14:54:37Z
55.721650000,13.218904000,74.6,2016-07-21T14:54:40Z
55.721647000,13.219053000,74.8,2016-07-21T14:54:43Z
55.721631000,13.219229000,75.0,2016-07-21T14:54:46Z
55.721654000,13.219389000,75.2,2016-07-21T14:54:50Z
55.721650000,13.219556000,75.4,2016-07-21T14:54:54Z
55.721660000,13.219727000,75.6,2016-07-21T14:54:57Z
55.721673000,13.219898000,75.8,2016-07-21T14:55:00Z
55.721670000,13.220050000,76.0,2016-07-21T14:55:03Z
55.721683000,13.220194000,76.2,2016-07-21T14:55:07Z
55.721693000,13.220357000,76.4,2016-07-21T14:55:10Z
55.721696000,13.220513000,76.6,2016-07-21T14:55:13Z
55.721704000,13.220683000,76.8,2016-07-21T14:55:16Z
55.721717000,13.220836000,77.0,2016-07-21T14:55:20Z
55.721714000,13.221008000,77.2,2016-07-21T14:55:23Z
55.721706000,13.221197000,77.4,2016-07-21T14:55:27Z
55.721698000,13.221379000,77.5,2016-07-21T14:55:31Z
55.721702000,13.221551000,77.6,2016-07-21T14:55:35Z
55.721714000,13.221723000,77.5,2016-07-21T14:55:38Z
55.721794000,13.221806000,77.5,2016-07-21T14:55:43Z
55.721890000,13.221874000,77.5,2016-07-21T14:55:47Z
55.721994000,13.221954000,77.5,2016-07-21T14:55:50Z
55.722078000,13.221975000,77.4,2016-07-21T14:55:53Z
55.722174000,13.222025000,77.3,2016-07-21T14:55:59Z
55.722263000,13.222037000,77.2,2016-07-21T14:56:03Z
55.722358000,13.222123000,77.1,2016-07-21T14:56:06Z
55.722469000,13.222124000,77.0,2016-07-21T14:56:10Z
55.722561000,13.222161000,76.9,2016-07-21T14:56:13Z
55.722646000,13.222222000,76.8,2016-07-21T14:56:16Z
55.722723000,13.222163000,76.9,2016-07-21T14:56:20Z
55.722827000,13.222202000,77.0,2016-07-21T14:56:23Z
55.722914000,13.222261000,77.0,2016-07-21T14:56:27Z
55.723001000,13.222302000,77.0,2016-07-21T14:56:30Z
55.723105000,13.222352000,77.0,2016-07-21T14:56:34Z
55.723147000,13.222195000,77.0,2016-07-21T14:56:39Z
55.723133000,13.222046000,76.9,2016-07-21T14:56:42Z
55.723145000,13.221895000,76.8,2016-07-21T14:56:46Z
55.723151000,13.221723000,76.7,2016-07-21T14:56:50Z
55.723175000,13.221534000,76.6,2016-07-21T14:56:54Z
55.723168000,13.221360000,76.5,2016-07-21T14:56:58Z
55.723173000,13.221164000,76.5,2016-07-21T14:57:02Z
55.723169000,13.221005000,76.4,2016-07-21T14:57:05Z
55.723150000,13.220839000,76.3,2016-07-21T14:57:08Z
55.723122000,13.220659000,76.2,2016-07-21T14:57:12Z
55.723142000,13.220498000,76.1,2016-07-21T14:57:16Z
55.723220000,13.220542000,76.0,2016-07-21T14:57:19Z
55.723313000,13.220576000,76.0,2016-07-21T14:57:22Z
55.723409000,13.220549000,76.0,2016-07-21T14:57:25Z
55.723512000,13.220543000,76.0,2016-07-21T14:57:29Z
55.723598000,13.220551000,76.0,2016-07-21T14:57:34Z
55.723701000,13.220578000,76.0,2016-07-21T14:57:38Z
55.723798000,13.220557000,76.0,2016-07-21T14:57:41Z
55.723878000,13.220589000,76.0,2016-07-21T14:57:44Z
55.723964000,13.220569000,76.0,2016-07-21T14:57:47Z
55.724067000,13.220567000,76.0,2016-07-21T14:57:51Z
55.724173000,13.220612000,76.0,2016-07-21T14:57:55Z
55.724252000,13.220541000,76.0,2016-07-21T14:57:59Z
55.724254000,13.220380000,76.0,2016-07-21T14:58:02Z
55.724249000,13.220211000,76.0,2016-07-21T14:58:05Z
55.724271000,13.220058000,76.0,2016-07-21T14:58:08Z
55.724274000,13.219910000,76.0,2016-07-21T14:58:11Z
55.724277000,13.219727000,76.0,2016-07-21T14:58:15Z
55.724247000,13.219551000,76.0,2016-07-21T14:58:18Z
55.724227000,13.219375000,76.0,2016-07-21T14:58:22Z
55.724231000,13.219214000,76.0,2016-07-21T14:58:25Z
55.724231000,13.219058000,76.0,2016-07-21T14:58:28Z
55.724248000,13.218897000,76.0,2016-07-21T14:58:31Z
55.724241000,13.218700000,75.9,2016-07-21T14:58:34Z
55.724249000,13.218517000,75.8,2016-07-21T14:58:38Z
55.724241000,13.218354000,75.7,2016-07-21T14:58:41Z
55.724243000,13.218172000,75.6,2016-07-21T14:58:45Z
55.724238000,13.218018000,75.5,2016-07-21T14:58:48Z
55.724238000,13.217857000,75.5,2016-07-21T14:58:51Z
55.724348000,13.217824000,75.5,2016-07-21T14:58:55Z
55.724438000,13.217818000,75.5,2016-07-21T14:58:58Z
55.724520000,13.217832000,75.5,2016-07-21T14:59:02Z
55.724616000,13.217832000,75.5,2016-07-21T14:59:06Z
55.724703000,13.217839000,75.5,2016-07-21T14:59:09Z
55.724817000,13.217809000,75.6,2016-07-21T14:59:14Z
55.724909000,13.217816000,75.7,2016-07-21T14:59:17Z
55.724990000,13.217800000,75.9,2016-07-21T14:59:21Z
55.725102000,13.217812000,76.1,2016-07-21T14:59:24Z
55.725206000,13.217836000,76.3,2016-07-21T14:59:27Z
55.725300000,13.217814000,76.4,2016-07-21T14:59:30Z
55.725387000,13.217787000,76.5,2016-07-21T14:59:33Z
55.725493000,13.217793000,76.5,2016-07-21T14:59:36Z
55.725591000,13.217752000,76.6,2016-07-21T14:59:39Z
55.725672000,13.217770000,76.7,2016-07-21T14:59:42Z
55.725756000,13.217870000,76.8,2016-07-21T14:59:46Z
55.725848000,13.217909000,77.1,2016-07-21T14:59:49Z
55.725940000,13.217929000,77.4,2016-07-21T14:59:52Z
55.726027000,13.217913000,77.5,2016-07-21T14:59:55Z
55.726112000,13.217925000,77.7,2016-07-21T14:59:58Z
55.726197000,13.217945000,77.9,2016-07-21T15:00:02Z
55.726299000,13.217932000,78.1,2016-07-21T15:00:05Z
55.726401000,13.217925000,78.3,2016-07-21T15:00:10Z
55.726490000,13.217941000,78.5,2016-07-21T15:00:13Z
55.726594000,13.217932000,78.6,2016-07-21T15:00:16Z
55.726681000,13.217938000,78.8,2016-07-21T15:00:19Z
55.726793000,13.217905000,79.0,2016-07-21T15:00:22Z
55.726894000,13.217895000,79.0,2016-07-21T15:00:27Z
55.726932000,13.217756000,78.8,2016-07-21T15:00:31Z
55.726932000,13.217582000,78.6,2016-07-21T15:00:35Z
55.726923000,13.217420000,78.5,2016-07-21T15:00:39Z
55.726990000,13.217272000,78.3,2016-07-21T15:00:50Z
55.727079000,13.217294000,78.1,2016-07-21T15:00:52Z
55.727164000,13.217306000,77.9,2016-07-21T15:00:54Z
55.727214000,13.217162000,77.7,2016-07-21T15:00:59Z
55.727269000,13.217040000,77.5,2016-07-21T15:01:02Z
55.727319000,13.216925000,77.4,2016-07-21T15:01:05Z
55.727379000,13.216819000,77.2,2016-07-21T15:01:08Z
55.727446000,13.216688000,77.0,2016-07-21T15:01:11Z
55.727501000,13.216577000,77.1,2016-07-21T15:01:15Z
55.727597000,13.216485000,77.2,2016-07-21T15:01:19Z
55.727690000,13.216463000,77.3,2016-07-21T15:01:22Z
55.727801000,13.216465000,77.4,2016-07-21T15:01:25Z
55.727897000,13.216475000,77.5,2016-07-21T15:01:28Z
55.727980000,13.216466000,77.5,2016-07-21T15:01:32Z
55.728080000,13.216493000,77.6,2016-07-21T15:01:35Z
55.728182000,13.216467000,77.7,2016-07-21T15:01:39Z
55.728265000,13.216494000,77.8,2016-07-21T15:01:43Z
55.728362000,13.216559000,77.9,2016-07-21T15:01:47Z
55.728402000,13.216691000,77.8,2016-07-21T15:01:51Z
55.728487000,13.216749000,77.6,2016-07-21T15:01:55Z
55.728580000,13.216785000,77.5,2016-07-21T15:01:58Z
55.728676000,13.216810000,77.3,2016-07-21T15:02:02Z
55.728769000,13.216821000,77.1,2016-07-21T15:02:05Z
55.728886000,13.216819000,76.9,2016-07-21T15:02:09Z
55.728974000,13.216833000,76.7,2016-07-21T15:02:12Z
55.729080000,13.216788000,76.5,2016-07-21T15:02:16Z
55.729182000,13.216806000,76.4,2016-07-21T15:02:20Z
55.729244000,13.216920000,76.2,2016-07-21T15:02:23Z
55.729286000,13.217045000,76.0,2016-07-21T15:02:26Z
55.729332000,13.217170000,76.0,2016-07-21T15:02:29Z
55.729385000,13.217328000,76.0,2016-07-21T15:02:33Z
55.729427000,13.217203000,75.9,2016-07-21T15:02:38Z
55.729433000,13.217010000,75.8,2016-07-21T15:02:42Z
55.729450000,13.216826000,75.7,2016-07-21T15:02:47Z
55.729500000,13.216637000,75.6,2016-07-21T15:02:51Z
55.729531000,13.216497000,75.5,2016-07-21T15:02:54Z
55.729532000,13.216337000,75.5,2016-07-21T15:02:57Z
55.729566000,13.216184000,75.4,2016-07-21T15:03:01Z
55.729578000,13.216032000,75.3,2016-07-21T15:03:04Z
55.729587000,13.215883000,75.2,2016-07-21T15:03:08Z
55.729581000,13.215708000,75.1,2016-07-21T15:03:22Z
55.729578000,13.215515000,74.8,2016-07-21T15:03:25Z
55.729593000,13.215352000,74.6,2016-07-21T15:03:28Z
55.729593000,13.215198000,74.5,2016-07-21T15:03:31Z
55.729624000,13.215016000,74.3,2016-07-21T15:03:35Z
55.729622000,13.214860000,74.3,2016-07-21T15:03:38Z
55.729644000,13.214705000,74.3,2016-07-21T15:03:41Z
55.729656000,13.214539000,74.1,2016-07-21T15:03:45Z
55.729663000,13.214395000,73.9,2016-07-21T15:04:01Z
55.729670000,13.214245000,73.7,2016-07-21T15:04:04Z
55.729629000,13.214072000,73.5,2016-07-21T15:04:07Z
55.729635000,13.213914000,73.4,2016-07-21T15:04:10Z
55.729639000,13.213763000,73.4,2016-07-21T15:04:13Z
55.729725000,13.213644000,73.4,2016-07-21T15:04:17Z
55.729814000,13.213645000,73.4,2016-07-21T15:04:20Z
55.729932000,13.213657000,73.4,2016-07-21T15:04:24Z
55.730048000,13.213639000,73.1,2016-07-21T15:04:28Z
55.730144000,13.213628000,72.8,2016-07-21T15:04:31Z
55.730225000,13.213613000,72.7,2016-07-21T15:04:34Z
55.730320000,13.213598000,72.6,2016-07-21T15:04:38Z
55.730414000,13.213620000,72.5,2016-07-21T15:04:41Z
55.730495000,13.213665000,72.5,2016-07-21T15:04:45Z
55.730582000,13.213669000,72.4,2016-07-21T15:04:49Z
55.730683000,13.213691000,72.3,2016-07-21T15:04:53Z
55.730770000,13.213692000,72.2,2016-07-21T15:04:56Z
55.730864000,13.213692000,72.1,2016-07-21T15:04:59Z
55.730963000,13.213711000,72.0,2016-07-21T15:05:03Z
55.731069000,13.213734000,72.0,2016-07-21T15:05:06Z
55.731153000,13.213752000,72.0,2016-07-21T15:05:09Z
55.731246000,13.213772000,72.0,2016-07-21T15:05:12Z
55.731344000,13.213766000,72.0,2016-07-21T15:05:15Z
55.731433000,13.213762000,72.0,2016-07-21T15:05:18Z
55.731527000,13.213768000,72.0,2016-07-21T15:05:21Z
55.731620000,13.213746000,71.8,2016-07-21T15:05:25Z
55.731720000,13.213768000,71.6,2016-07-21T15:05:28Z
55.731837000,13.213780000,71.5,2016-07-21T15:05:33Z
55.731938000,13.213793000,71.3,2016-07-21T15:05:36Z
55.732021000,13.213788000,71.1,2016-07-21T15:05:39Z
55.732124000,13.213802000,70.9,2016-07-21T15:05:43Z
55.732215000,13.213819000,70.7,2016-07-21T15:05:48Z
55.732302000,13.213807000,70.5,2016-07-21T15:05:55Z
55.732385000,13.213809000,70.4,2016-07-21T15:06:05Z
55.732475000,13.213836000,70.2,2016-07-21T15:06:10Z
55.732558000,13.213859000,69.8,2016-07-21T15:06:14Z
55.732663000,13.213873000,69.6,2016-07-21T15:06:17Z
55.732751000,13.213899000,69.5,2016-07-21T15:06:20Z
55.732826000,13.213956000,69.3,2016-07-21T15:06:25Z
55.732921000,13.213927000,69.1,2016-07-21T15:06:37Z
55.733005000,13.213942000,68.9,2016-07-21T15:06:40Z
55.733089000,13.213923000,68.7,2016-07-21T15:06:43Z
55.733187000,13.213928000,68.5,2016-07-21T15:06:46Z
55.733301000,13.213943000,68.4,2016-07-21T15:06:50Z
55.733381000,13.213979000,68.0,2016-07-21T15:06:52Z
55.733481000,13.213996000,67.6,2016-07-21T15:06:55Z
55.733595000,13.214000000,67.5,2016-07-21T15:06:58Z
55.733690000,13.214023000,67.3,2016-07-21T15:07:01Z
55.733795000,13.214015000,67.1,2016-07-21T15:07:04Z
55.733888000,13.214016000,66.9,2016-07-21T15:07:07Z
55.733991000,13.214023000,66.7,2016-07-21T15:07:21Z
55.734100000,13.214041000,66.5,2016-07-21T15:07:25Z
55.734189000,13.214044000,66.4,2016-07-21T15:07:28Z
55.734276000,13.214039000,65.9,2016-07-21T15:07:31Z
55.734362000,13.214065000,65.5,2016-07-21T15:07:34Z
55.734445000,13.214097000,65.2,2016-07-21T15:07:36Z
55.734542000,13.214113000,64.9,2016-07-21T15:07:39Z
55.734627000,13.214125000,64.6,2016-07-21T15:07:46Z
55.734714000,13.214144000,64.4,2016-07-21T15:07:54Z
55.734810000,13.214152000,64.1,2016-07-21T15:08:05Z
55.734917000,13.214167000,63.8,2016-07-21T15:08:08Z
55.735011000,13.214169000,63.5,2016-07-21T15:08:11Z
55.735094000,13.214160000,63.1,2016-07-21T15:08:13Z
55.735208000,13.214190000,62.7,2016-07-21T15:08:16Z
55.735311000,13.214226000,62.6,2016-07-21T15:08:20Z
55.735405000,13.214241000,62.5,2016-07-21T15:08:23Z
55.735505000,13.214211000,62.5,2016-07-21T15:08:27Z
55.735601000,13.214201000,62.4,2016-07-21T15:08:31Z
55.735690000,13.214248000,62.2,2016-07-21T15:08:33Z
55.735778000,13.214263000,62.0,2016-07-21T15:08:36Z
55.735867000,13.214275000,61.8,2016-07-21T15:08:39Z
55.735975000,13.214271000,61.6,2016-07-21T15:08:43Z
55.736089000,13.214304000,61.5,2016-07-21T15:08:48Z
55.736898000,13.214396000,61.5,2016-07-21T15:09:12Z
55.736995000,13.214389000,61.4,2016-07-21T15:09:16Z
55.737111000,13.214403000,61.3,2016-07-21T15:09:20Z
55.737222000,13.214440000,61.2,2016-07-21T15:09:24Z
55.737315000,13.214443000,61.1,2016-07-21T15:09:28Z
55.737424000,13.214448000,61.0,2016-07-21T15:09:31Z
55.737516000,13.214468000,61.0,2016-07-21T15:09:35Z
55.737607000,13.214468000,61.0,2016-07-21T15:09:39Z
55.737702000,13.214425000,61.0,2016-07-21T15:09:44Z
55.737743000,13.214288000,61.0,2016-07-21T15:09:47Z
55.737769000,13.214124000,61.0,2016-07-21T15:09:51Z
55.737747000,13.213955000,61.0,2016-07-21T15:09:56Z
55.737767000,13.213806000,61.0,2016-07-21T15:10:10Z
55.737784000,13.213609000,60.9,2016-07-21T15:10:13Z
55.737782000,13.213437000,60.8,2016-07-21T15:10:16Z
55.737790000,13.213283000,60.7,2016-07-21T15:10:19Z
55.737776000,13.213139000,60.6,2016-07-21T15:10:22Z
55.737768000,13.212985000,60.5,2016-07-21T15:10:25Z
55.737773000,13.212816000,60.5,2016-07-21T15:10:28Z
55.737767000,13.212651000,60.4,2016-07-21T15:10:31Z
55.737762000,13.212491000,60.3,2016-07-21T15:10:34Z
55.737770000,13.212311000,60.2,2016-07-21T15:10:37Z
55.737780000,13.212162000,60.1,2016-07-21T15:10:40Z
55.737800000,13.212002000,60.0,2016-07-21T15:10:43Z
55.737806000,13.211833000,60.0,2016-07-21T15:10:46Z
55.737844000,13.211682000,60.0,2016-07-21T15:10:50Z
55.737861000,13.211523000,60.0,2016-07-21T15:10:53Z
55.737863000,13.211352000,60.0,2016-07-21T15:10:57Z
55.737883000,13.211198000,60.0,2016-07-21T15:11:00Z
55.737913000,13.211046000,59.9,2016-07-21T15:11:03Z
55.737908000,13.210846000,59.8,2016-07-21T15:11:06Z
55.737892000,13.210684000,59.7,2016-07-21T15:11:10Z
55.737890000,13.210518000,59.6,2016-07-21T15:11:13Z
55.737921000,13.210340000,59.6,2016-07-21T15:11:17Z
55.737949000,13.210158000,59.6,2016-07-21T15:11:21Z
55.737969000,13.209997000,59.6,2016-07-21T15:11:24Z
55.737986000,13.209819000,59.6,2016-07-21T15:11:28Z
55.738018000,13.209666000,59.6,2016-07-21T15:11:31Z
55.738079000,13.209531000,59.6,2016-07-21T15:11:35Z
55.738140000,13.209417000,59.6,2016-07-21T15:11:38Z
55.738213000,13.209300000,59.7,2016-07-21T15:11:41Z
55.738308000,13.209222000,59.8,2016-07-21T15:11:45Z
55.738403000,13.209132000,59.8,2016-07-21T15:11:49Z
55.738497000,13.209037000,59.8,2016-07-21T15:11:54Z
55.738602000,13.209049000,59.7,2016-07-21T15:11:58Z
55.738686000,13.209061000,59.6,2016-07-21T15:12:02Z
55.738785000,13.209067000,59.5,2016-07-21T15:12:08Z
55.738883000,13.209076000,59.5,2016-07-21T15:12:14Z
55.738968000,13.209032000,59.4,2016-07-21T15:12:20Z
55.739049000,13.208945000,59.3,2016-07-21T15:12:26Z
55.739104000,13.208808000,59.2,2016-07-21T15:12:33Z
55.739118000,13.208645000,59.2,2016-07-21T15:12:39Z
55.739134000,13.208492000,59.2,2016-07-21T15:12:45Z
55.739150000,13.208344000,59.3,2016-07-21T15:12:51Z
55.739146000,13.208201000,59.4,2016-07-21T15:12:58Z
55.739181000,13.208038000,59.5,2016-07-21T15:13:05Z
55.739215000,13.207903000,59.5,2016-07-21T15:13:10Z
55.739243000,13.207739000,59.6,2016-07-21T15:13:16Z
55.739287000,13.207600000,59.7,2016-07-21T15:13:21Z
55.739315000,13.207445000,59.8,2016-07-21T15:13:29Z
55.739367000,13.207323000,59.9,2016-07-21T15:13:37Z
55.739425000,13.207220000,60.0,2016-07-21T15:13:43Z
55.739485000,13.207114000,60.0,2016-07-21T15:13:52Z
55.739565000,13.207091000,60.0,2016-07-21T15:13:56Z
55.739647000,13.207067000,60.0,2016-07-21T15:14:01Z
55.739709000,13.207179000,60.1,2016-07-21T15:14:19Z
55.739727000,13.207357000,60.2,2016-07-21T15:14:22Z
55.739698000,13.207548000,60.3,2016-07-21T15:14:25Z
55.739671000,13.207750000,60.4,2016-07-21T15:14:29Z
55.739685000,13.207892000,60.5,2016-07-21T15:14:33Z
55.739757000,13.207997000,60.5,2016-07-21T15:14:37Z
55.739739000,13.208139000,60.5,2016-07-21T15:14:40Z
55.739732000,13.208324000,60.4,2016-07-21T15:14:44Z
55.739701000,13.208479000,60.3,2016-07-21T15:14:50Z
55.739668000,13.208662000,60.2,2016-07-21T15:15:04Z
55.739646000,13.208827000,60.1,2016-07-21T15:15:08Z
55.739628000,13.208967000,59.9,2016-07-21T15:15:11Z
55.739589000,13.209123000,59.7,2016-07-21T15:15:15Z
55.739559000,13.209298000,59.5,2016-07-21T15:15:19Z
55.739539000,13.209463000,59.4,2016-07-21T15:15:23Z
55.739522000,13.209623000,59.2,2016-07-21T15:15:27Z
55.739545000,13.209763000,59.1,2016-07-21T15:15:30Z
55.739566000,13.209905000,59.4,2016-07-21T15:15:33Z
55.739577000,13.210064000,59.6,2016-07-21T15:15:36Z
55.739588000,13.210231000,59.9,2016-07-21T15:15:40Z
55.739603000,13.210377000,60.2,2016-07-21T15:15:43Z
55.739616000,13.210520000,60.5,2016-07-21T15:15:46Z
55.739647000,13.210693000,60.7,2016-07-21T15:15:50Z
55.739661000,13.210858000,61.0,2016-07-21T15:15:54Z
55.739676000,13.211017000,61.3,2016-07-21T15:15:58Z
55.739679000,13.211186000,61.5,2016-07-21T15:16:02Z
55.739706000,13.211324000,61.8,2016-07-21T15:16:06Z
55.739711000,13.211501000,62.0,2016-07-21T15:16:10Z
55.739737000,13.211677000,62.0,2016-07-21T15:16:14Z
55.739760000,13.211827000,62.0,2016-07-21T15:16:18Z
55.739775000,13.211974000,62.0,2016-07-21T15:16:21Z
55.739795000,13.212131000,62.1,2016-07-21T15:16:25Z
55.739813000,13.212309000,62.2,2016-07-21T15:16:29Z
55.739840000,13.212502000,62.3,2016-07-21T15:16:33Z
55.739855000,13.212659000,62.4,2016-07-21T15:16:37Z
55.739870000,13.212830000,62.5,2016-07-21T15:16:41Z
55.739886000,13.212982000,62.5,2016-07-21T15:16:45Z
55.739880000,13.213151000,62.6,2016-07-21T15:16:52Z
55.739885000,13.213316000,62.7,2016-07-21T15:17:29Z
55.739888000,13.213487000,62.8,2016-07-21T15:17:33Z
55.739917000,13.213637000,62.9,2016-07-21T15:17:37Z
55.739942000,13.213779000,63.0,2016-07-21T15:17:40Z
55.739971000,13.213956000,63.0,2016-07-21T15:17:44Z
55.739970000,13.214101000,63.0,2016-07-21T15:17:47Z
55.739951000,13.214265000,63.0,2016-07-21T15:17:50Z
55.739987000,13.214396000,63.0,2016-07-21T15:17:55Z
55.739992000,13.214545000,63.0,2016-07-21T15:17:58Z
55.739999000,13.214699000,63.0,2016-07-21T15:18:01Z
55.740019000,13.214861000,63.0,2016-07-21T15:18:05Z
55.740041000,13.215033000,63.0,2016-07-21T15:18:09Z
55.740047000,13.215177000,63.0,2016-07-21T15:18:13Z
55.740058000,13.215334000,63.0,2016-07-21T15:18:19Z
55.740084000,13.215477000,63.0,2016-07-21T15:18:25Z
55.740116000,13.215622000,62.9,2016-07-21T15:18:30Z
55.740158000,13.215798000,62.8,2016-07-21T15:18:34Z
55.740166000,13.215942000,62.7,2016-07-21T15:18:37Z
55.740175000,13.216097000,62.6,2016-07-21T15:18:41Z
55.740193000,13.216276000,62.5,2016-07-21T15:18:45Z
55.740213000,13.216436000,62.5,2016-07-21T15:18:49Z
55.740231000,13.216605000,62.5,2016-07-21T15:18:53Z
55.740245000,13.216775000,62.5,2016-07-21T15:18:57Z
55.740266000,13.216928000,62.5,2016-07-21T15:19:01Z
55.740261000,13.217082000,62.5,2016-07-21T15:19:04Z
55.740281000,13.217234000,62.6,2016-07-21T15:19:08Z
55.740278000,13.217380000,62.8,2016-07-21T15:19:11Z
55.740302000,13.217555000,63.0,2016-07-21T15:19:15Z
55.740312000,13.217717000,63.2,2016-07-21T15:19:19Z
55.740330000,13.217894000,63.4,2016-07-21T15:19:23Z
55.740342000,13.218037000,63.5,2016-07-21T15:19:26Z
55.740360000,13.218187000,63.5,2016-07-21T15:19:30Z
55.740376000,13.218349000,63.5,2016-07-21T15:19:34Z
55.740399000,13.218504000,63.5,2016-07-21T15:19:38Z
55.740412000,13.218694000,63.5,2016-07-21T15:19:42Z
55.740445000,13.218881000,63.5,2016-07-21T15:19:57Z
55.740465000,13.219058000,63.5,2016-07-21T15:20:01Z
55.740491000,13.219298000,63.5,2016-07-21T15:20:06Z
55.740496000,13.219475000,63.5,2016-07-21T15:20:10Z
55.740491000,13.219625000,63.5,2016-07-21T15:20:13Z
55.740482000,13.219802000,63.5,2016-07-21T15:20:17Z
55.740414000,13.219952000,63.5,2016-07-21T15:20:22Z
55.740335000,13.220052000,63.6,2016-07-21T15:20:27Z
55.740240000,13.220156000,63.7,2016-07-21T15:20:31Z
55.740162000,13.220255000,63.8,2016-07-21T15:20:35Z
55.740091000,13.220330000,63.9,2016-07-21T15:20:38Z
55.740019000,13.220408000,64.0,2016-07-21T15:20:42Z
55.739947000,13.220478000,63.9,2016-07-21T15:20:50Z
55.739877000,13.220568000,63.8,2016-07-21T15:20:55Z
55.739800000,13.220636000,63.7,2016-07-21T15:21:00Z
55.739720000,13.220718000,63.6,2016-07-21T15:21:04Z
55.739645000,13.220790000,63.5,2016-07-21T15:21:09Z
55.739578000,13.220881000,63.5,2016-07-21T15:21:15Z
55.739504000,13.220942000,63.5,2016-07-21T15:21:21Z
55.739423000,13.221024000,63.5,2016-07-21T15:21:27Z
55.739346000,13.221095000,63.5,2016-07-21T15:21:34Z
55.739271000,13.221155000,63.5,2016-07-21T15:21:40Z
55.739198000,13.221232000,63.4,2016-07-21T15:21:47Z
55.739123000,13.221323000,63.4,2016-07-21T15:21:53Z
55.739033000,13.221421000,63.4,2016-07-21T15:21:59Z
55.738962000,13.221495000,63.4,2016-07-21T15:22:03Z
55.738870000,13.221565000,63.4,2016-07-21T15:22:07Z
55.738800000,13.221642000,63.4,2016-07-21T15:22:11Z
55.738730000,13.221739000,63.4,2016-07-21T15:22:16Z
55.738659000,13.221814000,63.3,2016-07-21T15:22:21Z
55.738574000,13.221900000,63.2,2016-07-21T15:22:27Z
55.738508000,13.221988000,63.1,2016-07-21T15:22:35Z
55.738439000,13.222082000,63.0,2016-07-21T15:22:43Z
55.738377000,13.222181000,63.0,2016-07-21T15:22:52Z
55.738300000,13.222251000,63.2,2016-07-21T15:23:00Z
55.738215000,13.222306000,63.4,2016-07-21T15:23:05Z
55.738145000,13.222386000,63.5,2016-07-21T15:23:08Z
55.738050000,13.222484000,63.7,2016-07-21T15:23:12Z
55.737979000,13.222558000,63.9,2016-07-21T15:23:15Z
55.737899000,13.222642000,64.1,2016-07-21T15:23:19Z
55.737822000,13.222694000,64.3,2016-07-21T15:23:24Z
55.737747000,13.222759000,64.5,2016-07-21T15:23:31Z
55.737674000,13.222840000,64.6,2016-07-21T15:23:38Z
55.737603000,13.222923000,64.8,2016-07-21T15:23:44Z
55.737537000,13.223016000,65.0,2016-07-21T15:23:50Z
55.737456000,13.223080000,65.2,2016-07-21T15:23:58Z
55.737383000,13.223168000,65.4,2016-07-21T15:24:03Z
55.737308000,13.223235000,65.5,2016-07-21T15:24:08Z
55.737228000,13.223325000,65.7,2016-07-21T15:24:13Z
55.737145000,13.223423000,65.9,2016-07-21T15:24:16Z
55.737055000,13.223512000,66.3,2016-07-21T15:24:20Z
55.736971000,13.223611000,66.6,2016-07-21T15:24:24Z
55.736892000,13.223701000,67.0,2016-07-21T15:24:27Z
55.736819000,13.223768000,67.4,2016-07-21T15:24:30Z
55.736728000,13.223868000,67.7,2016-07-21T15:24:34Z
55.736637000,13.223983000,68.3,2016-07-21T15:24:38Z
55.736553000,13.224097000,68.6,2016-07-21T15:24:42Z
55.736481000,13.224166000,69.0,2016-07-21T15:24:46Z
55.736402000,13.224257000,69.4,2016-07-21T15:24:50Z
55.736313000,13.224328000,69.8,2016-07-21T15:24:54Z
55.736230000,13.224408000,70.3,2016-07-21T15:24:58Z
55.736164000,13.224501000,70.5,2016-07-21T15:25:04Z
55.736087000,13.224599000,70.8,2016-07-21T15:25:11Z
55.736018000,13.224689000,71.1,2016-07-21T15:25:17Z
55.735945000,13.224750000,71.4,2016-07-21T15:25:24Z
55.735867000,13.224824000,71.7,2016-07-21T15:25:31Z
55.735788000,13.224905000,71.9,2016-07-21T15:25:38Z
55.735712000,13.224997000,72.1,2016-07-21T15:25:44Z
55.735635000,13.225065000,72.3,2016-07-21T15:25:50Z
55.735569000,13.225153000,72.5,2016-07-21T15:25:54Z
55.735454000,13.225240000,72.5,2016-07-21T15:25:59Z
55.735378000,13.225331000,72.6,2016-07-21T15:26:03Z
55.735296000,13.225387000,72.7,2016-07-21T15:26:07Z
55.735212000,13.225434000,72.8,2016-07-21T15:26:12Z
55.735139000,13.225497000,72.9,2016-07-21T15:26:17Z
55.735054000,13.225606000,73.0,2016-07-21T15:26:21Z
55.734976000,13.225667000,73.0,2016-07-21T15:26:24Z
55.734905000,13.225747000,73.0,2016-07-21T15:26:27Z
55.734810000,13.225821000,73.0,2016-07-21T15:26:31Z
55.734733000,13.225932000,73.0,2016-07-21T15:26:35Z
55.734657000,13.225998000,73.2,2016-07-21T15:26:39Z
55.734580000,13.226079000,73.4,2016-07-21T15:26:44Z
55.734522000,13.226189000,73.5,2016-07-21T15:26:53Z
55.734448000,13.226255000,73.7,2016-07-21T15:26:59Z
55.734358000,13.226328000,73.9,2016-07-21T15:27:06Z
55.734271000,13.226397000,74.1,2016-07-21T15:27:11Z
55.734185000,13.226474000,74.4,2016-07-21T15:27:17Z
55.734108000,13.226558000,74.6,2016-07-21T15:27:23Z
55.734033000,13.226633000,74.9,2016-07-21T15:27:28Z
55.733953000,13.226718000,75.2,2016-07-21T15:27:34Z
55.733881000,13.226808000,75.5,2016-07-21T15:27:40Z
55.733803000,13.226891000,75.7,2016-07-21T15:27:46Z
55.733720000,13.226993000,75.9,2016-07-21T15:27:52Z
55.733637000,13.227062000,76.1,2016-07-21T15:27:58Z
55.733564000,13.227140000,76.3,2016-07-21T15:28:04Z
55.733493000,13.227218000,76.5,2016-07-21T15:28:08Z
55.733395000,13.227310000,76.6,2016-07-21T15:28:15Z
55.733315000,13.227382000,76.7,2016-07-21T15:28:21Z
55.733247000,13.227488000,76.9,2016-07-21T15:28:27Z
55.733173000,13.227587000,77.1,2016-07-21T15:28:32Z
55.733097000,13.227664000,77.4,2016-07-21T15:28:37Z
55.733020000,13.227750000,77.5,2016-07-21T15:28:43Z
55.732940000,13.227833000,77.7,2016-07-21T15:28:50Z
55.732864000,13.227908000,77.9,2016-07-21T15:28:56Z
55.732789000,13.227980000,78.1,2016-07-21T15:29:02Z
55.732718000,13.228065000,78.3,2016-07-21T15:29:08Z
55.732649000,13.228151000,78.5,2016-07-21T15:29:14Z
55.732566000,13.228225000,78.6,2016-07-21T15:29:20Z
55.732489000,13.228301000,78.8,2016-07-21T15:29:26Z
55.732420000,13.228379000,78.9,2016-07-21T15:29:31Z
55.732345000,13.228461000,79.0,2016-07-21T15:29:37Z
55.732279000,13.228554000,79.0,2016-07-21T15:29:42Z
55.732196000,13.228622000,79.0,2016-07-21T15:29:47Z
55.732118000,13.228694000,79.0,2016-07-21T15:29:51Z
55.732041000,13.228792000,79.0,2016-07-21T15:29:57Z
55.731950000,13.228842000,79.0,2016-07-21T15:30:02Z
55.731865000,13.228887000,79.0,2016-07-21T15:30:08Z
55.731786000,13.228954000,79.0,2016-07-21T15:30:16Z
55.731714000,13.229025000,79.0,2016-07-21T15:30:27Z
55.731611000,13.229098000,79.0,2016-07-21T15:30:32Z
55.731512000,13.229139000,79.0,2016-07-21T15:30:35Z
55.731403000,13.229214000,79.0,2016-07-21T15:30:38Z
55.731309000,13.229276000,79.0,2016-07-21T15:30:41Z
55.731221000,13.229317000,79.0,2016-07-21T15:30:44Z
55.731137000,13.229342000,79.0,2016-07-21T15:30:47Z
55.731037000,13.229387000,79.0,2016-07-21T15:30:50Z
55.730937000,13.229428000,79.0,2016-07-21T15:30:53Z
55.730848000,13.229454000,79.0,2016-07-21T15:30:56Z
55.730760000,13.229486000,79.0,2016-07-21T15:30:59Z
55.730673000,13.229529000,79.0,2016-07-21T15:31:02Z
55.730582000,13.229563000,79.0,2016-07-21T15:31:05Z
55.730498000,13.229582000,79.0,2016-07-21T15:31:08Z
55.730405000,13.229591000,79.0,2016-07-21T15:31:11Z
55.730295000,13.229583000,79.0,2016-07-21T15:31:15Z
55.730195000,13.229585000,79.0,2016-07-21T15:31:19Z
55.730105000,13.229544000,78.8,2016-07-21T15:31:22Z
55.730008000,13.229509000,78.6,2016-07-21T15:31:26Z
55.729915000,13.229456000,78.5,2016-07-21T15:31:30Z
55.729812000,13.229411000,78.3,2016-07-21T15:31:34Z
55.729714000,13.229343000,78.1,2016-07-21T15:31:38Z
55.729634000,13.229291000,77.9,2016-07-21T15:31:41Z
55.729548000,13.229238000,77.7,2016-07-21T15:31:44Z
55.729455000,13.229195000,77.5,2016-07-21T15:31:48Z
55.729373000,13.229134000,77.2,2016-07-21T15:31:51Z
55.729278000,13.229092000,76.9,2016-07-21T15:31:55Z
55.729200000,13.229042000,76.6,2016-07-21T15:31:58Z
55.729121000,13.228928000,76.5,2016-07-21T15:32:02Z
55.729079000,13.228799000,76.5,2016-07-21T15:32:05Z
55.728997000,13.228677000,76.3,2016-07-21T15:32:09Z
55.728950000,13.228559000,76.1,2016-07-21T15:32:12Z
55.728990000,13.228400000,75.9,2016-07-21T15:32:16Z
55.729009000,13.228222000,75.7,2016-07-21T15:32:20Z
55.729061000,13.228079000,75.5,2016-07-21T15:32:24Z
55.729125000,13.227958000,75.5,2016-07-21T15:32:28Z
55.729176000,13.227778000,75.4,2016-07-21T15:32:32Z
55.729237000,13.227626000,75.3,2016-07-21T15:32:36Z
55.729279000,13.227491000,75.2,2016-07-21T15:32:39Z
55.729323000,13.227347000,75.1,2016-07-21T15:32:42Z
55.729363000,13.227223000,75.0,2016-07-21T15:32:45Z
55.729392000,13.227061000,75.0,2016-07-21T15:32:49Z
55.729418000,13.226888000,75.0,2016-07-21T15:32:52Z
55.729398000,13.226720000,75.0,2016-07-21T15:32:56Z
55.729373000,13.226563000,75.0,2016-07-21T15:32:59Z
55.729311000,13.226416000,75.0,2016-07-21T15:33:02Z
55.729237000,13.226355000,75.0,2016-07-21T15:33:08Z
55.729157000,13.226319000,74.9,2016-07-21T15:33:14Z
55.729072000,13.226283000,74.8,2016-07-21T15:33:21Z
55.728989000,13.226238000,74.7,2016-07-21T15:33:27Z
55.728915000,13.226171000,74.6,2016-07-21T15:33:33Z
55.728836000,13.226084000,74.5,2016-07-21T15:33:39Z
55.728756000,13.226005000,74.5,2016-07-21T15:33:59Z
55.728683000,13.225942000,74.4,2016-07-21T15:34:03Z
55.728602000,13.225897000,74.3,2016-07-21T15:34:07Z
55.728521000,13.225879000,74.2,2016-07-21T15:34:11Z
55.728427000,13.225905000,74.1,2016-07-21T15:34:16Z
55.728367000,13.225778000,74.0,2016-07-21T15:34:26Z
55.728363000,13.225604000,74.0,2016-07-21T15:34:29Z
55.728346000,13.225424000,74.0,2016-07-21T15:34:34Z
55.728295000,13.225279000,74.1,2016-07-21T15:34:38Z
55.728226000,13.225168000,74.2,2016-07-21T15:34:41Z
55.728135000,13.225103000,74.3,2016-07-21T15:34:45Z
55.728051000,13.225014000,74.4,2016-07-21T15:34:48Z
55.727980000,13.224915000,74.5,2016-07-21T15:34:51Z
55.727893000,13.224822000,74.5,2016-07-21T15:34:55Z
55.727798000,13.224841000,74.6,2016-07-21T15:35:01Z
55.727715000,13.224905000,74.7,2016-07-21T15:35:06Z
55.727650000,13.224993000,74.8,2016-07-21T15:35:27Z
55.727566000,13.225098000,74.9,2016-07-21T15:35:32Z
55.727476000,13.225137000,75.4,2016-07-21T15:35:41Z
55.727396000,13.225249000,75.7,2016-07-21T15:35:45Z
55.727335000,13.225357000,76.1,2016-07-21T15:35:48Z
55.727234000,13.225447000,76.5,2016-07-21T15:35:51Z
55.727151000,13.225496000,76.8,2016-07-21T15:36:02Z
55.727103000,13.225637000,77.1,2016-07-21T15:36:29Z
55.727069000,13.225816000,77.4,2016-07-21T15:36:34Z
55.727005000,13.225948000,77.6,2016-07-21T15:36:38Z
55.726983000,13.226093000,77.9,2016-07-21T15:36:55Z
55.726930000,13.226211000,78.2,2016-07-21T15:37:09Z
55.726874000,13.226358000,78.5,2016-07-21T15:37:13Z
55.726825000,13.226475000,78.4,2016-07-21T15:37:18Z
55.726747000,13.226581000,78.3,2016-07-21T15:37:34Z
55.726649000,13.226559000,78.5,2016-07-21T15:37:41Z
55.726566000,13.226572000,78.8,2016-07-21T15:37:46Z
55.726484000,13.226534000,79.1,2016-07-21T15:37:50Z
55.726388000,13.226465000,79.5,2016-07-21T15:37:54Z
55.726314000,13.226404000,79.8,2016-07-21T15:37:59Z
55.726229000,13.226344000,80.2,2016-07-21T15:38:18Z
55.726121000,13.226301000,80.5,2016-07-21T15:38:22Z
55.726029000,13.226266000,80.9,2016-07-21T15:38:25Z
55.725925000,13.226224000,81.3,2016-07-21T15:38:28Z
55.725839000,13.226165000,81.6,2016-07-21T15:38:31Z
55.725746000,13.226082000,82.0,2016-07-21T15:38:34Z
55.725644000,13.225987000,82.0,2016-07-21T15:38:38Z
55.725576000,13.225873000,82.0,2016-07-21T15:38:41Z
55.725552000,13.225705000,82.0,2016-07-21T15:38:44Z
55.725549000,13.225517000,82.0,2016-07-21T15:38:47Z
55.725579000,13.225365000,82.0,2016-07-21T15:38:50Z
55.725631000,13.225243000,82.0,2016-07-21T15:38:53Z
55.725698000,13.225125000,82.0,2016-07-21T15:38:56Z
55.725765000,13.225029000,82.0,2016-07-21T15:39:01Z
55.725829000,13.224937000,81.8,2016-07-21T15:39:21Z
55.725762000,13.224850000,81.6,2016-07-21T15:39:29Z
55.725679000,13.224891000,81.5,2016-07-21T15:39:33Z
55.725584000,13.224866000,81.3,2016-07-21T15:39:37Z
55.725502000,13.224879000,81.0,2016-07-21T15:39:40Z
55.725401000,13.224887000,80.7,2016-07-21T15:39:43Z
55.725306000,13.224891000,80.5,2016-07-21T15:39:46Z
55.725189000,13.224818000,80.2,2016-07-21T15:39:49Z
55.725112000,13.224713000,79.9,2016-07-21T15:39:52Z
55.725084000,13.224567000,79.6,2016-07-21T15:39:58Z
55.725057000,13.224410000,79.4,2016-07-21T15:40:04Z
55.725062000,13.224259000,79.3,2016-07-21T15:40:10Z
55.725037000,13.224122000,79.1,2016-07-21T15:40:16Z
55.724949000,13.224072000,78.9,2016-07-21T15:40:22Z
55.724864000,13.224045000,78.7,2016-07-21T15:40:29Z
55.724775000,13.224033000,78.6,2016-07-21T15:40:35Z
55.724688000,13.223982000,78.5,2016-07-21T15:40:40Z
55.724606000,13.223949000,78.5,2016-07-21T15:40:45Z
55.724522000,13.223897000,78.4,2016-07-21T15:40:49Z
55.724438000,13.223897000,78.3,2016-07-21T15:40:54Z
55.724355000,13.223858000,78.2,2016-07-21T15:41:00Z
55.724271000,13.223813000,78.1,2016-07-21T15:41:07Z
55.724287000,13.223646000,78.0,2016-07-21T15:41:14Z
55.724265000,13.223503000,78.0,2016-07-21T15:41:22Z
55.724177000,13.223462000,78.0,2016-07-21T15:41:28Z
55.724077000,13.223444000,78.0,2016-07-21T15:41:33Z
55.723984000,13.223445000,78.0,2016-07-21T15:41:38Z
55.723893000,13.223460000,78.0,2016-07-21T15:41:44Z
55.723802000,13.223430000,78.0,2016-07-21T15:41:50Z
55.723713000,13.223375000,78.0,2016-07-21T15:41:55Z
55.723611000,13.223358000,78.0,2016-07-21T15:42:01Z
55.723529000,13.223328000,78.0,2016-07-21T15:42:06Z
55.723441000,13.223336000,78.0,2016-07-21T15:42:14Z
55.723362000,13.223293000,77.9,2016-07-21T15:42:20Z
55.723272000,13.223248000,77.8,2016-07-21T15:42:25Z
55.723176000,13.223217000,77.7,2016-07-21T15:42:32Z
55.723110000,13.223107000,77.6,2016-07-21T15:42:38Z
55.723120000,13.222952000,77.5,2016-07-21T15:42:41Z
55.723143000,13.222806000,77.5,2016-07-21T15:42:44Z
55.723170000,13.222613000,77.4,2016-07-21T15:42:48Z
55.723163000,13.222453000,77.3,2016-07-21T15:42:51Z
55.723143000,13.222286000,77.2,2016-07-21T15:42:54Z
55.723137000,13.222112000,77.0,2016-07-21T15:42:57Z
55.723141000,13.221955000,76.8,2016-07-21T15:43:00Z
55.723139000,13.221766000,76.7,2016-07-21T15:43:03Z
55.723121000,13.221593000,76.6,2016-07-21T15:43:06Z
55.723121000,13.221385000,76.5,2016-07-21T15:43:10Z
55.723131000,13.221220000,76.5,2016-07-21T15:43:13Z
55.723113000,13.221068000,76.3,2016-07-21T15:43:16Z
55.723115000,13.220894000,76.1,2016-07-21T15:43:19Z
55.723117000,13.220735000,75.9,2016-07-21T15:43:24Z
55.723032000,13.220635000,75.7,2016-07-21T15:43:30Z
55.722956000,13.220585000,75.5,2016-07-21T15:43:38Z
55.722854000,13.220565000,75.5,2016-07-21T15:43:45Z
55.722776000,13.220518000,75.4,2016-07-21T15:43:51Z
55.722683000,13.220505000,75.3,2016-07-21T15:43:57Z
55.722597000,13.220521000,75.2,2016-07-21T15:44:04Z
55.722500000,13.220506000,75.1,2016-07-21T15:44:15Z
55.722442000,13.220406000,75.0,2016-07-21T15:44:24Z
55.722419000,13.220258000,75.0,2016-07-21T15:44:31Z
55.722419000,13.220097000,75.0,2016-07-21T15:44:38Z
55.722408000,13.219946000,75.0,2016-07-21T15:44:43Z
55.722412000,13.219802000,75.0,2016-07-21T15:44:48Z
55.722391000,13.219633000,75.0,2016-07-21T15:44:54Z
55.722390000,13.219473000,75.0,2016-07-21T15:45:00Z
55.722385000,13.219312000,75.0,2016-07-21T15:45:05Z
55.722389000,13.219141000,75.0,2016-07-21T15:45:08Z
55.722372000,13.218927000,75.0,2016-07-21T15:45:12Z
55.722324000,13.218801000,74.9,2016-07-21T15:45:14Z
55.722292000,13.218663000,74.8,2016-07-21T15:45:17Z
55.722308000,13.218493000,74.7,2016-07-21T15:45:21Z
55.722326000,13.218244000,74.6,2016-07-21T15:45:27Z
55.722342000,13.218074000,74.5,2016-07-21T15:45:32Z
55.722308000,13.217940000,74.5,2016-07-21T15:45:35Z
55.722329000,13.217765000,74.4,2016-07-21T15:45:39Z
55.722353000,13.217605000,74.3,2016-07-21T15:45:43Z
55.722324000,13.217434000,74.2,2016-07-21T15:45:48Z
55.722337000,13.217274000,74.1,2016-07-21T15:45:55Z
55.722261000,13.217173000,74.0,2016-07-21T15:46:01Z
55.722185000,13.217111000,74.0,2016-07-21T15:46:10Z
